date,narration,debit,credit,balance,account_number
2024-01-01 00:00:00,TRANSFER TO JOHN DOE,184000,0,816000,1234567890
2024-01-01 06:00:00,SALARY PAYMENT,50000,0,766000,1234567890
2024-01-01 12:00:00,POS PURCHASE VENDOR X,50000,0,716000,1234567890
2024-01-01 18:00:00,BANK CHARGE COMMISSION,15000,0,701000,1234567890
2024-01-02 00:00:00,BANK CHARGE COMMISSION,15000,0,686000,1234567890
2024-01-02 06:00:00,BANK CHARGE COMMISSION,5000,0,681000,1234567890
2024-01-02 12:00:00,ATM WITHDRAWAL,50000,0,631000,1234567890
2024-01-02 18:00:00,BANK CHARGE COMMISSION,50000,0,581000,1234567890
2024-01-03 00:00:00,SALARY PAYMENT,50000,0,531000,1234567890
2024-01-03 06:00:00,INWARD TRANSFER,0,2400000,2931000,1234567890
2024-01-03 12:00:00,TRANSFER TO JOHN DOE,50000,0,2881000,1234567890
2024-01-03 18:00:00,POS PURCHASE VENDOR X,50000,0,2831000,1234567890
2024-01-04 00:00:00,POS PURCHASE VENDOR X,5000,0,2826000,1234567890
2024-01-04 06:00:00,TRANSFER TO JOHN DOE,5000,0,2821000,1234567890
2024-01-04 12:00:00,INWARD TRANSFER,184000,0,2637000,1234567890
2024-01-04 18:00:00,ATM WITHDRAWAL,5000,0,2632000,1234567890
2024-01-05 00:00:00,POS PURCHASE VENDOR X,50000,0,2582000,1234567890
2024-01-05 06:00:00,ATM WITHDRAWAL,50000,0,2532000,1234567890
2024-01-05 12:00:00,SALARY PAYMENT,50000,0,2482000,1234567890
2024-01-05 18:00:00,ATM WITHDRAWAL,5000,0,2477000,1234567890
2024-01-06 00:00:00,SALARY PAYMENT,15000,0,2462000,1234567890
2024-01-06 06:00:00,POS PURCHASE VENDOR X,0,100000,2562000,1234567890
2024-01-06 12:00:00,ATM WITHDRAWAL,184000,0,2378000,1234567890
2024-01-06 18:00:00,TRANSFER TO JOHN DOE,15000,0,2363000,1234567890
2024-01-07 00:00:00,BANK CHARGE COMMISSION,0,100000,2463000,1234567890
2024-01-07 06:00:00,POS PURCHASE VENDOR X,5000,0,2458000,1234567890
2024-01-07 12:00:00,BANK CHARGE COMMISSION,184000,0,2274000,1234567890
2024-01-07 18:00:00,SALARY PAYMENT,184000,0,2090000,1234567890
2024-01-08 00:00:00,POS PURCHASE VENDOR X,5000,0,2085000,1234567890
2024-01-08 06:00:00,INWARD TRANSFER,15000,0,2070000,1234567890
2024-01-08 12:00:00,BANK CHARGE COMMISSION,0,2400000,4470000,1234567890
2024-01-08 18:00:00,POS PURCHASE VENDOR X,50000,0,4420000,1234567890
2024-01-09 00:00:00,ATM WITHDRAWAL,50000,0,4370000,1234567890
2024-01-09 06:00:00,BANK CHARGE COMMISSION,0,0,4370000,1234567890
2024-01-09 12:00:00,SALARY PAYMENT,50000,0,4320000,1234567890
2024-01-09 18:00:00,BANK CHARGE COMMISSION,15000,0,4305000,1234567890
2024-01-10 00:00:00,BANK CHARGE COMMISSION,5000,0,4300000,1234567890
2024-01-10 06:00:00,POS PURCHASE VENDOR X,50000,0,4250000,1234567890
2024-01-10 12:00:00,ATM WITHDRAWAL,5000,0,4245000,1234567890
2024-01-10 18:00:00,ATM WITHDRAWAL,50000,0,4195000,1234567890
2024-01-11 00:00:00,ATM WITHDRAWAL,50000,0,4145000,1234567890
2024-01-11 06:00:00,POS PURCHASE VENDOR X,184000,0,3961000,1234567890
2024-01-11 12:00:00,INWARD TRANSFER,50000,0,3911000,1234567890
2024-01-11 18:00:00,TRANSFER TO JOHN DOE,184000,0,3727000,1234567890
2024-01-12 00:00:00,BANK CHARGE COMMISSION,0,100000,3827000,1234567890
2024-01-12 06:00:00,BANK CHARGE COMMISSION,50000,0,3777000,1234567890
2024-01-12 12:00:00,INWARD TRANSFER,50000,0,3727000,1234567890
2024-01-12 18:00:00,TRANSFER TO JOHN DOE,50000,0,3677000,1234567890
2024-01-13 00:00:00,INWARD TRANSFER,184000,0,3493000,1234567890
2024-01-13 06:00:00,POS PURCHASE VENDOR X,50000,0,3443000,1234567890
2024-01-13 12:00:00,POS PURCHASE VENDOR X,15000,0,3428000,1234567890
2024-01-13 18:00:00,TRANSFER TO JOHN DOE,0,0,3428000,1234567890
2024-01-14 00:00:00,SALARY PAYMENT,5000,0,3423000,1234567890
2024-01-14 06:00:00,SALARY PAYMENT,5000,0,3418000,1234567890
2024-01-14 12:00:00,POS PURCHASE VENDOR X,184000,0,3234000,1234567890
2024-01-14 18:00:00,TRANSFER TO JOHN DOE,0,100000,3334000,1234567890
2024-01-15 00:00:00,ATM WITHDRAWAL,0,2400000,5734000,1234567890
2024-01-15 06:00:00,TRANSFER TO JOHN DOE,5000,0,5729000,1234567890
2024-01-15 12:00:00,ATM WITHDRAWAL,184000,0,5545000,1234567890
2024-01-15 18:00:00,INWARD TRANSFER,15000,0,5530000,1234567890
2024-01-16 00:00:00,INWARD TRANSFER,0,0,5530000,1234567890
2024-01-16 06:00:00,POS PURCHASE VENDOR X,5000,0,5525000,1234567890
2024-01-16 12:00:00,ATM WITHDRAWAL,15000,0,5510000,1234567890
2024-01-16 18:00:00,ATM WITHDRAWAL,15000,0,5495000,1234567890
2024-01-17 00:00:00,ATM WITHDRAWAL,15000,0,5480000,1234567890
2024-01-17 06:00:00,ATM WITHDRAWAL,50000,0,5430000,1234567890
2024-01-17 12:00:00,BANK CHARGE COMMISSION,15000,0,5415000,1234567890
2024-01-17 18:00:00,BANK CHARGE COMMISSION,15000,0,5400000,1234567890
2024-01-18 00:00:00,INWARD TRANSFER,5000,0,5395000,1234567890
2024-01-18 06:00:00,BANK CHARGE COMMISSION,184000,0,5211000,1234567890
2024-01-18 12:00:00,POS PURCHASE VENDOR X,50000,0,5161000,1234567890
2024-01-18 18:00:00,BANK CHARGE COMMISSION,5000,0,5156000,1234567890
2024-01-19 00:00:00,SALARY PAYMENT,5000,0,5151000,1234567890
2024-01-19 06:00:00,TRANSFER TO JOHN DOE,15000,0,5136000,1234567890
2024-01-19 12:00:00,ATM WITHDRAWAL,50000,0,5086000,1234567890
2024-01-19 18:00:00,INWARD TRANSFER,184000,0,4902000,1234567890
2024-01-20 00:00:00,TRANSFER TO JOHN DOE,184000,0,4718000,1234567890
2024-01-20 06:00:00,BANK CHARGE COMMISSION,5000,0,4713000,1234567890
2024-01-20 12:00:00,TRANSFER TO JOHN DOE,50000,0,4663000,1234567890
2024-01-20 18:00:00,TRANSFER TO JOHN DOE,5000,0,4658000,1234567890
2024-01-21 00:00:00,TRANSFER TO JOHN DOE,5000,0,4653000,1234567890
2024-01-21 06:00:00,BANK CHARGE COMMISSION,184000,0,4469000,1234567890
2024-01-21 12:00:00,TRANSFER TO JOHN DOE,184000,0,4285000,1234567890
2024-01-21 18:00:00,TRANSFER TO JOHN DOE,5000,0,4280000,1234567890
2024-01-22 00:00:00,TRANSFER TO JOHN DOE,184000,0,4096000,1234567890
2024-01-22 06:00:00,POS PURCHASE VENDOR X,184000,0,3912000,1234567890
2024-01-22 12:00:00,TRANSFER TO JOHN DOE,15000,0,3897000,1234567890
2024-01-22 18:00:00,BANK CHARGE COMMISSION,15000,0,3882000,1234567890
2024-01-23 00:00:00,INWARD TRANSFER,0,0,3882000,1234567890
2024-01-23 06:00:00,SALARY PAYMENT,0,0,3882000,1234567890
2024-01-23 12:00:00,SALARY PAYMENT,5000,0,3877000,1234567890
2024-01-23 18:00:00,SALARY PAYMENT,5000,0,3872000,1234567890
2024-01-24 00:00:00,POS PURCHASE VENDOR X,5000,0,3867000,1234567890
2024-01-24 06:00:00,ATM WITHDRAWAL,5000,0,3862000,1234567890
2024-01-24 12:00:00,SALARY PAYMENT,184000,0,3678000,1234567890
2024-01-24 18:00:00,ATM WITHDRAWAL,0,0,3678000,1234567890
2024-01-25 00:00:00,BANK CHARGE COMMISSION,5000,0,3673000,1234567890
2024-01-25 06:00:00,POS PURCHASE VENDOR X,15000,0,3658000,1234567890
2024-01-25 12:00:00,SALARY PAYMENT,184000,0,3474000,1234567890
2024-01-25 18:00:00,POS PURCHASE VENDOR X,0,2400000,5874000,1234567890
2024-01-26 00:00:00,ATM WITHDRAWAL,184000,0,5690000,1234567890
2024-01-26 06:00:00,INWARD TRANSFER,50000,0,5640000,1234567890
2024-01-26 12:00:00,TRANSFER TO JOHN DOE,5000,0,5635000,1234567890
2024-01-26 18:00:00,INWARD TRANSFER,15000,0,5620000,1234567890
2024-01-27 00:00:00,POS PURCHASE VENDOR X,0,0,5620000,1234567890
2024-01-27 06:00:00,SALARY PAYMENT,184000,0,5436000,1234567890
2024-01-27 12:00:00,BANK CHARGE COMMISSION,0,100000,5536000,1234567890
2024-01-27 18:00:00,INWARD TRANSFER,50000,0,5486000,1234567890
2024-01-28 00:00:00,INWARD TRANSFER,15000,0,5471000,1234567890
2024-01-28 06:00:00,SALARY PAYMENT,184000,0,5287000,1234567890
2024-01-28 12:00:00,POS PURCHASE VENDOR X,50000,0,5237000,1234567890
2024-01-28 18:00:00,SALARY PAYMENT,15000,0,5222000,1234567890
2024-01-29 00:00:00,ATM WITHDRAWAL,5000,0,5217000,1234567890
2024-01-29 06:00:00,POS PURCHASE VENDOR X,0,2400000,7617000,1234567890
2024-01-29 12:00:00,INWARD TRANSFER,50000,0,7567000,1234567890
2024-01-29 18:00:00,INWARD TRANSFER,0,2400000,9967000,1234567890
2024-01-30 00:00:00,BANK CHARGE COMMISSION,0,100000,10067000,1234567890
2024-01-30 06:00:00,INWARD TRANSFER,50000,0,10017000,1234567890
2024-01-30 12:00:00,BANK CHARGE COMMISSION,50000,0,9967000,1234567890
2024-01-30 18:00:00,INWARD TRANSFER,184000,0,9783000,1234567890
2024-01-31 00:00:00,ATM WITHDRAWAL,15000,0,9768000,1234567890
2024-01-31 06:00:00,INWARD TRANSFER,5000,0,9763000,1234567890
2024-01-31 12:00:00,BANK CHARGE COMMISSION,15000,0,9748000,1234567890
2024-01-31 18:00:00,BANK CHARGE COMMISSION,5000,0,9743000,1234567890
2024-02-01 00:00:00,BANK CHARGE COMMISSION,5000,0,9738000,1234567890
2024-02-01 06:00:00,INWARD TRANSFER,184000,0,9554000,1234567890
2024-02-01 12:00:00,BANK CHARGE COMMISSION,15000,0,9539000,1234567890
2024-02-01 18:00:00,TRANSFER TO JOHN DOE,50000,0,9489000,1234567890
2024-02-02 00:00:00,ATM WITHDRAWAL,0,100000,9589000,1234567890
2024-02-02 06:00:00,INWARD TRANSFER,184000,0,9405000,1234567890
2024-02-02 12:00:00,BANK CHARGE COMMISSION,184000,0,9221000,1234567890
2024-02-02 18:00:00,ATM WITHDRAWAL,184000,0,9037000,1234567890
2024-02-03 00:00:00,INWARD TRANSFER,50000,0,8987000,1234567890
2024-02-03 06:00:00,ATM WITHDRAWAL,0,0,8987000,1234567890
2024-02-03 12:00:00,TRANSFER TO JOHN DOE,5000,0,8982000,1234567890
2024-02-03 18:00:00,INWARD TRANSFER,50000,0,8932000,1234567890
2024-02-04 00:00:00,BANK CHARGE COMMISSION,15000,0,8917000,1234567890
2024-02-04 06:00:00,POS PURCHASE VENDOR X,15000,0,8902000,1234567890
2024-02-04 12:00:00,BANK CHARGE COMMISSION,50000,0,8852000,1234567890
2024-02-04 18:00:00,INWARD TRANSFER,184000,0,8668000,1234567890
2024-02-05 00:00:00,BANK CHARGE COMMISSION,50000,0,8618000,1234567890
2024-02-05 06:00:00,POS PURCHASE VENDOR X,0,2400000,11018000,1234567890
2024-02-05 12:00:00,POS PURCHASE VENDOR X,5000,0,11013000,1234567890
2024-02-05 18:00:00,POS PURCHASE VENDOR X,5000,0,11008000,1234567890
2024-02-06 00:00:00,BANK CHARGE COMMISSION,5000,0,11003000,1234567890
2024-02-06 06:00:00,INWARD TRANSFER,5000,0,10998000,1234567890
2024-02-06 12:00:00,BANK CHARGE COMMISSION,184000,0,10814000,1234567890
2024-02-06 18:00:00,POS PURCHASE VENDOR X,15000,0,10799000,1234567890
2024-02-07 00:00:00,TRANSFER TO JOHN DOE,15000,0,10784000,1234567890
2024-02-07 06:00:00,POS PURCHASE VENDOR X,50000,0,10734000,1234567890
2024-02-07 12:00:00,SALARY PAYMENT,5000,0,10729000,1234567890
2024-02-07 18:00:00,POS PURCHASE VENDOR X,15000,0,10714000,1234567890
2024-02-08 00:00:00,SALARY PAYMENT,0,100000,10814000,1234567890
2024-02-08 06:00:00,INWARD TRANSFER,50000,0,10764000,1234567890
2024-02-08 12:00:00,BANK CHARGE COMMISSION,184000,0,10580000,1234567890
2024-02-08 18:00:00,INWARD TRANSFER,15000,0,10565000,1234567890
2024-02-09 00:00:00,BANK CHARGE COMMISSION,5000,0,10560000,1234567890
2024-02-09 06:00:00,SALARY PAYMENT,184000,0,10376000,1234567890
2024-02-09 12:00:00,POS PURCHASE VENDOR X,0,100000,10476000,1234567890
2024-02-09 18:00:00,POS PURCHASE VENDOR X,0,2400000,12876000,1234567890
2024-02-10 00:00:00,POS PURCHASE VENDOR X,0,2400000,15276000,1234567890
2024-02-10 06:00:00,BANK CHARGE COMMISSION,184000,0,15092000,1234567890
2024-02-10 12:00:00,POS PURCHASE VENDOR X,15000,0,15077000,1234567890
2024-02-10 18:00:00,INWARD TRANSFER,15000,0,15062000,1234567890
2024-02-11 00:00:00,INWARD TRANSFER,5000,0,15057000,1234567890
2024-02-11 06:00:00,POS PURCHASE VENDOR X,184000,0,14873000,1234567890
2024-02-11 12:00:00,TRANSFER TO JOHN DOE,15000,0,14858000,1234567890
2024-02-11 18:00:00,BANK CHARGE COMMISSION,50000,0,14808000,1234567890
2024-02-12 00:00:00,TRANSFER TO JOHN DOE,5000,0,14803000,1234567890
2024-02-12 06:00:00,SALARY PAYMENT,15000,0,14788000,1234567890
2024-02-12 12:00:00,POS PURCHASE VENDOR X,50000,0,14738000,1234567890
2024-02-12 18:00:00,TRANSFER TO JOHN DOE,5000,0,14733000,1234567890
2024-02-13 00:00:00,BANK CHARGE COMMISSION,0,0,14733000,1234567890
2024-02-13 06:00:00,SALARY PAYMENT,0,0,14733000,1234567890
2024-02-13 12:00:00,BANK CHARGE COMMISSION,50000,0,14683000,1234567890
2024-02-13 18:00:00,TRANSFER TO JOHN DOE,0,2400000,17083000,1234567890
2024-02-14 00:00:00,SALARY PAYMENT,50000,0,17033000,1234567890
2024-02-14 06:00:00,ATM WITHDRAWAL,5000,0,17028000,1234567890
2024-02-14 12:00:00,SALARY PAYMENT,15000,0,17013000,1234567890
2024-02-14 18:00:00,BANK CHARGE COMMISSION,5000,0,17008000,1234567890
2024-02-15 00:00:00,POS PURCHASE VENDOR X,50000,0,16958000,1234567890
2024-02-15 06:00:00,POS PURCHASE VENDOR X,184000,0,16774000,1234567890
2024-02-15 12:00:00,POS PURCHASE VENDOR X,184000,0,16590000,1234567890
2024-02-15 18:00:00,SALARY PAYMENT,50000,0,16540000,1234567890
2024-02-16 00:00:00,SALARY PAYMENT,0,100000,16640000,1234567890
2024-02-16 06:00:00,ATM WITHDRAWAL,50000,0,16590000,1234567890
2024-02-16 12:00:00,POS PURCHASE VENDOR X,15000,0,16575000,1234567890
2024-02-16 18:00:00,TRANSFER TO JOHN DOE,5000,0,16570000,1234567890
2024-02-17 00:00:00,ATM WITHDRAWAL,50000,0,16520000,1234567890
2024-02-17 06:00:00,SALARY PAYMENT,15000,0,16505000,1234567890
2024-02-17 12:00:00,SALARY PAYMENT,184000,0,16321000,1234567890
2024-02-17 18:00:00,BANK CHARGE COMMISSION,50000,0,16271000,1234567890
2024-02-18 00:00:00,ATM WITHDRAWAL,0,0,16271000,1234567890
2024-02-18 06:00:00,POS PURCHASE VENDOR X,50000,0,16221000,1234567890
2024-02-18 12:00:00,POS PURCHASE VENDOR X,184000,0,16037000,1234567890
2024-02-18 18:00:00,TRANSFER TO JOHN DOE,15000,0,16022000,1234567890
2024-02-19 00:00:00,BANK CHARGE COMMISSION,50000,0,15972000,1234567890
2024-02-19 06:00:00,BANK CHARGE COMMISSION,50000,0,15922000,1234567890
2024-02-19 12:00:00,ATM WITHDRAWAL,0,0,15922000,1234567890
2024-02-19 18:00:00,SALARY PAYMENT,50000,0,15872000,1234567890
2024-02-20 00:00:00,SALARY PAYMENT,5000,0,15867000,1234567890
2024-02-20 06:00:00,POS PURCHASE VENDOR X,50000,0,15817000,1234567890
2024-02-20 12:00:00,POS PURCHASE VENDOR X,15000,0,15802000,1234567890
2024-02-20 18:00:00,ATM WITHDRAWAL,5000,0,15797000,1234567890
2024-02-21 00:00:00,INWARD TRANSFER,0,100000,15897000,1234567890
2024-02-21 06:00:00,POS PURCHASE VENDOR X,15000,0,15882000,1234567890
2024-02-21 12:00:00,BANK CHARGE COMMISSION,0,100000,15982000,1234567890
2024-02-21 18:00:00,SALARY PAYMENT,50000,0,15932000,1234567890
2024-02-22 00:00:00,ATM WITHDRAWAL,50000,0,15882000,1234567890
2024-02-22 06:00:00,ATM WITHDRAWAL,50000,0,15832000,1234567890
2024-02-22 12:00:00,TRANSFER TO JOHN DOE,184000,0,15648000,1234567890
2024-02-22 18:00:00,POS PURCHASE VENDOR X,184000,0,15464000,1234567890
2024-02-23 00:00:00,SALARY PAYMENT,184000,0,15280000,1234567890
2024-02-23 06:00:00,POS PURCHASE VENDOR X,5000,0,15275000,1234567890
2024-02-23 12:00:00,BANK CHARGE COMMISSION,184000,0,15091000,1234567890
2024-02-23 18:00:00,INWARD TRANSFER,50000,0,15041000,1234567890
2024-02-24 00:00:00,BANK CHARGE COMMISSION,50000,0,14991000,1234567890
2024-02-24 06:00:00,INWARD TRANSFER,0,2400000,17391000,1234567890
2024-02-24 12:00:00,TRANSFER TO JOHN DOE,15000,0,17376000,1234567890
2024-02-24 18:00:00,BANK CHARGE COMMISSION,15000,0,17361000,1234567890
2024-02-25 00:00:00,SALARY PAYMENT,5000,0,17356000,1234567890
2024-02-25 06:00:00,SALARY PAYMENT,15000,0,17341000,1234567890
2024-02-25 12:00:00,BANK CHARGE COMMISSION,5000,0,17336000,1234567890
2024-02-25 18:00:00,POS PURCHASE VENDOR X,0,0,17336000,1234567890
2024-02-26 00:00:00,BANK CHARGE COMMISSION,50000,0,17286000,1234567890
2024-02-26 06:00:00,POS PURCHASE VENDOR X,50000,0,17236000,1234567890
2024-02-26 12:00:00,TRANSFER TO JOHN DOE,5000,0,17231000,1234567890
2024-02-26 18:00:00,INWARD TRANSFER,184000,0,17047000,1234567890
2024-02-27 00:00:00,BANK CHARGE COMMISSION,0,0,17047000,1234567890
2024-02-27 06:00:00,SALARY PAYMENT,50000,0,16997000,1234567890
2024-02-27 12:00:00,SALARY PAYMENT,50000,0,16947000,1234567890
2024-02-27 18:00:00,TRANSFER TO JOHN DOE,0,0,16947000,1234567890
2024-02-28 00:00:00,POS PURCHASE VENDOR X,5000,0,16942000,1234567890
2024-02-28 06:00:00,INWARD TRANSFER,184000,0,16758000,1234567890
2024-02-28 12:00:00,BANK CHARGE COMMISSION,5000,0,16753000,1234567890
2024-02-28 18:00:00,BANK CHARGE COMMISSION,0,0,16753000,1234567890
2024-02-29 00:00:00,ATM WITHDRAWAL,15000,0,16738000,1234567890
2024-02-29 06:00:00,SALARY PAYMENT,5000,0,16733000,1234567890
2024-02-29 12:00:00,BANK CHARGE COMMISSION,15000,0,16718000,1234567890
2024-02-29 18:00:00,TRANSFER TO JOHN DOE,0,100000,16818000,1234567890
2024-03-01 00:00:00,SALARY PAYMENT,15000,0,16803000,1234567890
2024-03-01 06:00:00,SALARY PAYMENT,50000,0,16753000,1234567890
2024-03-01 12:00:00,BANK CHARGE COMMISSION,15000,0,16738000,1234567890
2024-03-01 18:00:00,BANK CHARGE COMMISSION,184000,0,16554000,1234567890
2024-03-02 00:00:00,ATM WITHDRAWAL,184000,0,16370000,1234567890
2024-03-02 06:00:00,ATM WITHDRAWAL,0,100000,16470000,1234567890
2024-03-02 12:00:00,ATM WITHDRAWAL,184000,0,16286000,1234567890
2024-03-02 18:00:00,BANK CHARGE COMMISSION,15000,0,16271000,1234567890
2024-03-03 00:00:00,INWARD TRANSFER,50000,0,16221000,1234567890
2024-03-03 06:00:00,INWARD TRANSFER,0,2400000,18621000,1234567890
2024-03-03 12:00:00,TRANSFER TO JOHN DOE,5000,0,18616000,1234567890
2024-03-03 18:00:00,BANK CHARGE COMMISSION,50000,0,18566000,1234567890
2024-03-04 00:00:00,ATM WITHDRAWAL,5000,0,18561000,1234567890
2024-03-04 06:00:00,INWARD TRANSFER,0,2400000,20961000,1234567890
2024-03-04 12:00:00,BANK CHARGE COMMISSION,5000,0,20956000,1234567890
2024-03-04 18:00:00,SALARY PAYMENT,50000,0,20906000,1234567890
2024-03-05 00:00:00,SALARY PAYMENT,184000,0,20722000,1234567890
2024-03-05 06:00:00,SALARY PAYMENT,0,2400000,23122000,1234567890
2024-03-05 12:00:00,ATM WITHDRAWAL,184000,0,22938000,1234567890
2024-03-05 18:00:00,TRANSFER TO JOHN DOE,184000,0,22754000,1234567890
2024-03-06 00:00:00,INWARD TRANSFER,184000,0,22570000,1234567890
2024-03-06 06:00:00,INWARD TRANSFER,50000,0,22520000,1234567890
2024-03-06 12:00:00,POS PURCHASE VENDOR X,15000,0,22505000,1234567890
2024-03-06 18:00:00,ATM WITHDRAWAL,184000,0,22321000,1234567890
2024-03-07 00:00:00,SALARY PAYMENT,15000,0,22306000,1234567890
2024-03-07 06:00:00,POS PURCHASE VENDOR X,0,2400000,24706000,1234567890
2024-03-07 12:00:00,TRANSFER TO JOHN DOE,5000,0,24701000,1234567890
2024-03-07 18:00:00,POS PURCHASE VENDOR X,184000,0,24517000,1234567890
2024-03-08 00:00:00,BANK CHARGE COMMISSION,15000,0,24502000,1234567890
2024-03-08 06:00:00,INWARD TRANSFER,0,0,24502000,1234567890
2024-03-08 12:00:00,SALARY PAYMENT,50000,0,24452000,1234567890
2024-03-08 18:00:00,SALARY PAYMENT,0,100000,24552000,1234567890
2024-03-09 00:00:00,POS PURCHASE VENDOR X,50000,0,24502000,1234567890
2024-03-09 06:00:00,POS PURCHASE VENDOR X,5000,0,24497000,1234567890
2024-03-09 12:00:00,SALARY PAYMENT,5000,0,24492000,1234567890
2024-03-09 18:00:00,ATM WITHDRAWAL,15000,0,24477000,1234567890
2024-03-10 00:00:00,ATM WITHDRAWAL,50000,0,24427000,1234567890
2024-03-10 06:00:00,POS PURCHASE VENDOR X,50000,0,24377000,1234567890
2024-03-10 12:00:00,BANK CHARGE COMMISSION,5000,0,24372000,1234567890
2024-03-10 18:00:00,POS PURCHASE VENDOR X,0,2400000,26772000,1234567890
2024-03-11 00:00:00,BANK CHARGE COMMISSION,0,0,26772000,1234567890
2024-03-11 06:00:00,POS PURCHASE VENDOR X,15000,0,26757000,1234567890
2024-03-11 12:00:00,TRANSFER TO JOHN DOE,5000,0,26752000,1234567890
2024-03-11 18:00:00,TRANSFER TO JOHN DOE,5000,0,26747000,1234567890
2024-03-12 00:00:00,POS PURCHASE VENDOR X,184000,0,26563000,1234567890
2024-03-12 06:00:00,ATM WITHDRAWAL,15000,0,26548000,1234567890
2024-03-12 12:00:00,BANK CHARGE COMMISSION,5000,0,26543000,1234567890
2024-03-12 18:00:00,TRANSFER TO JOHN DOE,184000,0,26359000,1234567890
2024-03-13 00:00:00,BANK CHARGE COMMISSION,50000,0,26309000,1234567890
2024-03-13 06:00:00,INWARD TRANSFER,184000,0,26125000,1234567890
2024-03-13 12:00:00,SALARY PAYMENT,5000,0,26120000,1234567890
2024-03-13 18:00:00,ATM WITHDRAWAL,0,2400000,28520000,1234567890
2024-03-14 00:00:00,ATM WITHDRAWAL,15000,0,28505000,1234567890
2024-03-14 06:00:00,INWARD TRANSFER,50000,0,28455000,1234567890
2024-03-14 12:00:00,ATM WITHDRAWAL,0,100000,28555000,1234567890
2024-03-14 18:00:00,SALARY PAYMENT,15000,0,28540000,1234567890
2024-03-15 00:00:00,TRANSFER TO JOHN DOE,50000,0,28490000,1234567890
2024-03-15 06:00:00,SALARY PAYMENT,50000,0,28440000,1234567890
2024-03-15 12:00:00,INWARD TRANSFER,5000,0,28435000,1234567890
2024-03-15 18:00:00,SALARY PAYMENT,184000,0,28251000,1234567890
2024-03-16 00:00:00,SALARY PAYMENT,0,0,28251000,1234567890
2024-03-16 06:00:00,TRANSFER TO JOHN DOE,184000,0,28067000,1234567890
2024-03-16 12:00:00,TRANSFER TO JOHN DOE,5000,0,28062000,1234567890
2024-03-16 18:00:00,SALARY PAYMENT,5000,0,28057000,1234567890
2024-03-17 00:00:00,SALARY PAYMENT,0,0,28057000,1234567890
2024-03-17 06:00:00,INWARD TRANSFER,50000,0,28007000,1234567890
2024-03-17 12:00:00,BANK CHARGE COMMISSION,15000,0,27992000,1234567890
2024-03-17 18:00:00,SALARY PAYMENT,50000,0,27942000,1234567890
2024-03-18 00:00:00,BANK CHARGE COMMISSION,184000,0,27758000,1234567890
2024-03-18 06:00:00,ATM WITHDRAWAL,0,2400000,30158000,1234567890
2024-03-18 12:00:00,INWARD TRANSFER,5000,0,30153000,1234567890
2024-03-18 18:00:00,TRANSFER TO JOHN DOE,50000,0,30103000,1234567890
2024-03-19 00:00:00,BANK CHARGE COMMISSION,0,2400000,32503000,1234567890
2024-03-19 06:00:00,BANK CHARGE COMMISSION,15000,0,32488000,1234567890
2024-03-19 12:00:00,ATM WITHDRAWAL,5000,0,32483000,1234567890
2024-03-19 18:00:00,ATM WITHDRAWAL,50000,0,32433000,1234567890
2024-03-20 00:00:00,SALARY PAYMENT,5000,0,32428000,1234567890
2024-03-20 06:00:00,SALARY PAYMENT,184000,0,32244000,1234567890
2024-03-20 12:00:00,ATM WITHDRAWAL,15000,0,32229000,1234567890
2024-03-20 18:00:00,ATM WITHDRAWAL,15000,0,32214000,1234567890
2024-03-21 00:00:00,INWARD TRANSFER,15000,0,32199000,1234567890
2024-03-21 06:00:00,POS PURCHASE VENDOR X,184000,0,32015000,1234567890
2024-03-21 12:00:00,BANK CHARGE COMMISSION,50000,0,31965000,1234567890
2024-03-21 18:00:00,ATM WITHDRAWAL,50000,0,31915000,1234567890
2024-03-22 00:00:00,TRANSFER TO JOHN DOE,50000,0,31865000,1234567890
2024-03-22 06:00:00,BANK CHARGE COMMISSION,50000,0,31815000,1234567890
2024-03-22 12:00:00,ATM WITHDRAWAL,50000,0,31765000,1234567890
2024-03-22 18:00:00,ATM WITHDRAWAL,0,2400000,34165000,1234567890
2024-03-23 00:00:00,INWARD TRANSFER,184000,0,33981000,1234567890
2024-03-23 06:00:00,POS PURCHASE VENDOR X,15000,0,33966000,1234567890
2024-03-23 12:00:00,POS PURCHASE VENDOR X,50000,0,33916000,1234567890
2024-03-23 18:00:00,INWARD TRANSFER,50000,0,33866000,1234567890
2024-03-24 00:00:00,TRANSFER TO JOHN DOE,15000,0,33851000,1234567890
2024-03-24 06:00:00,POS PURCHASE VENDOR X,15000,0,33836000,1234567890
2024-03-24 12:00:00,TRANSFER TO JOHN DOE,0,2400000,36236000,1234567890
2024-03-24 18:00:00,BANK CHARGE COMMISSION,184000,0,36052000,1234567890
2024-03-25 00:00:00,BANK CHARGE COMMISSION,5000,0,36047000,1234567890
2024-03-25 06:00:00,POS PURCHASE VENDOR X,0,0,36047000,1234567890
2024-03-25 12:00:00,POS PURCHASE VENDOR X,5000,0,36042000,1234567890
2024-03-25 18:00:00,BANK CHARGE COMMISSION,0,100000,36142000,1234567890
2024-03-26 00:00:00,SALARY PAYMENT,184000,0,35958000,1234567890
2024-03-26 06:00:00,BANK CHARGE COMMISSION,184000,0,35774000,1234567890
2024-03-26 12:00:00,POS PURCHASE VENDOR X,5000,0,35769000,1234567890
2024-03-26 18:00:00,BANK CHARGE COMMISSION,50000,0,35719000,1234567890
2024-03-27 00:00:00,POS PURCHASE VENDOR X,50000,0,35669000,1234567890
2024-03-27 06:00:00,SALARY PAYMENT,50000,0,35619000,1234567890
2024-03-27 12:00:00,INWARD TRANSFER,5000,0,35614000,1234567890
2024-03-27 18:00:00,ATM WITHDRAWAL,50000,0,35564000,1234567890
2024-03-28 00:00:00,POS PURCHASE VENDOR X,15000,0,35549000,1234567890
2024-03-28 06:00:00,TRANSFER TO JOHN DOE,15000,0,35534000,1234567890
2024-03-28 12:00:00,POS PURCHASE VENDOR X,184000,0,35350000,1234567890
2024-03-28 18:00:00,BANK CHARGE COMMISSION,5000,0,35345000,1234567890
2024-03-29 00:00:00,TRANSFER TO JOHN DOE,50000,0,35295000,1234567890
2024-03-29 06:00:00,TRANSFER TO JOHN DOE,15000,0,35280000,1234567890
2024-03-29 12:00:00,ATM WITHDRAWAL,50000,0,35230000,1234567890
2024-03-29 18:00:00,POS PURCHASE VENDOR X,0,100000,35330000,1234567890
2024-03-30 00:00:00,INWARD TRANSFER,50000,0,35280000,1234567890
2024-03-30 06:00:00,TRANSFER TO JOHN DOE,184000,0,35096000,1234567890
2024-03-30 12:00:00,TRANSFER TO JOHN DOE,0,0,35096000,1234567890
2024-03-30 18:00:00,INWARD TRANSFER,5000,0,35091000,1234567890
2024-03-31 00:00:00,TRANSFER TO JOHN DOE,50000,0,35041000,1234567890
2024-03-31 06:00:00,BANK CHARGE COMMISSION,50000,0,34991000,1234567890
2024-03-31 12:00:00,INWARD TRANSFER,0,2400000,37391000,1234567890
2024-03-31 18:00:00,BANK CHARGE COMMISSION,184000,0,37207000,1234567890
2024-04-01 00:00:00,POS PURCHASE VENDOR X,184000,0,37023000,1234567890
2024-04-01 06:00:00,SALARY PAYMENT,184000,0,36839000,1234567890
2024-04-01 12:00:00,SALARY PAYMENT,5000,0,36834000,1234567890
2024-04-01 18:00:00,SALARY PAYMENT,0,100000,36934000,1234567890
2024-04-02 00:00:00,POS PURCHASE VENDOR X,15000,0,36919000,1234567890
2024-04-02 06:00:00,POS PURCHASE VENDOR X,5000,0,36914000,1234567890
2024-04-02 12:00:00,SALARY PAYMENT,184000,0,36730000,1234567890
2024-04-02 18:00:00,BANK CHARGE COMMISSION,184000,0,36546000,1234567890
2024-04-03 00:00:00,TRANSFER TO JOHN DOE,50000,0,36496000,1234567890
2024-04-03 06:00:00,TRANSFER TO JOHN DOE,5000,0,36491000,1234567890
2024-04-03 12:00:00,SALARY PAYMENT,0,2400000,38891000,1234567890
2024-04-03 18:00:00,INWARD TRANSFER,184000,0,38707000,1234567890
2024-04-04 00:00:00,INWARD TRANSFER,15000,0,38692000,1234567890
2024-04-04 06:00:00,TRANSFER TO JOHN DOE,50000,0,38642000,1234567890
2024-04-04 12:00:00,ATM WITHDRAWAL,0,100000,38742000,1234567890
2024-04-04 18:00:00,BANK CHARGE COMMISSION,0,100000,38842000,1234567890
2024-04-05 00:00:00,BANK CHARGE COMMISSION,0,2400000,41242000,1234567890
2024-04-05 06:00:00,BANK CHARGE COMMISSION,50000,0,41192000,1234567890
2024-04-05 12:00:00,ATM WITHDRAWAL,15000,0,41177000,1234567890
2024-04-05 18:00:00,INWARD TRANSFER,184000,0,40993000,1234567890
2024-04-06 00:00:00,SALARY PAYMENT,50000,0,40943000,1234567890
2024-04-06 06:00:00,INWARD TRANSFER,50000,0,40893000,1234567890
2024-04-06 12:00:00,BANK CHARGE COMMISSION,15000,0,40878000,1234567890
2024-04-06 18:00:00,SALARY PAYMENT,0,2400000,43278000,1234567890
2024-04-07 00:00:00,INWARD TRANSFER,184000,0,43094000,1234567890
2024-04-07 06:00:00,BANK CHARGE COMMISSION,5000,0,43089000,1234567890
2024-04-07 12:00:00,TRANSFER TO JOHN DOE,0,100000,43189000,1234567890
2024-04-07 18:00:00,TRANSFER TO JOHN DOE,0,100000,43289000,1234567890
2024-04-08 00:00:00,INWARD TRANSFER,15000,0,43274000,1234567890
2024-04-08 06:00:00,SALARY PAYMENT,5000,0,43269000,1234567890
2024-04-08 12:00:00,ATM WITHDRAWAL,184000,0,43085000,1234567890
2024-04-08 18:00:00,INWARD TRANSFER,184000,0,42901000,1234567890
2024-04-09 00:00:00,SALARY PAYMENT,184000,0,42717000,1234567890
2024-04-09 06:00:00,POS PURCHASE VENDOR X,15000,0,42702000,1234567890
2024-04-09 12:00:00,BANK CHARGE COMMISSION,5000,0,42697000,1234567890
2024-04-09 18:00:00,POS PURCHASE VENDOR X,5000,0,42692000,1234567890
2024-04-10 00:00:00,INWARD TRANSFER,0,0,42692000,1234567890
2024-04-10 06:00:00,TRANSFER TO JOHN DOE,50000,0,42642000,1234567890
2024-04-10 12:00:00,BANK CHARGE COMMISSION,5000,0,42637000,1234567890
2024-04-10 18:00:00,INWARD TRANSFER,184000,0,42453000,1234567890
2024-04-11 00:00:00,ATM WITHDRAWAL,184000,0,42269000,1234567890
2024-04-11 06:00:00,INWARD TRANSFER,50000,0,42219000,1234567890
2024-04-11 12:00:00,ATM WITHDRAWAL,50000,0,42169000,1234567890
2024-04-11 18:00:00,TRANSFER TO JOHN DOE,0,2400000,44569000,1234567890
2024-04-12 00:00:00,SALARY PAYMENT,0,0,44569000,1234567890
2024-04-12 06:00:00,ATM WITHDRAWAL,15000,0,44554000,1234567890
2024-04-12 12:00:00,POS PURCHASE VENDOR X,184000,0,44370000,1234567890
2024-04-12 18:00:00,SALARY PAYMENT,15000,0,44355000,1234567890
2024-04-13 00:00:00,POS PURCHASE VENDOR X,184000,0,44171000,1234567890
2024-04-13 06:00:00,POS PURCHASE VENDOR X,15000,0,44156000,1234567890
2024-04-13 12:00:00,POS PURCHASE VENDOR X,0,0,44156000,1234567890
2024-04-13 18:00:00,POS PURCHASE VENDOR X,5000,0,44151000,1234567890
2024-04-14 00:00:00,ATM WITHDRAWAL,50000,0,44101000,1234567890
2024-04-14 06:00:00,POS PURCHASE VENDOR X,184000,0,43917000,1234567890
2024-04-14 12:00:00,BANK CHARGE COMMISSION,0,100000,44017000,1234567890
2024-04-14 18:00:00,ATM WITHDRAWAL,0,2400000,46417000,1234567890
2024-04-15 00:00:00,TRANSFER TO JOHN DOE,0,2400000,48817000,1234567890
2024-04-15 06:00:00,ATM WITHDRAWAL,15000,0,48802000,1234567890
2024-04-15 12:00:00,INWARD TRANSFER,50000,0,48752000,1234567890
2024-04-15 18:00:00,TRANSFER TO JOHN DOE,0,2400000,51152000,1234567890
2024-04-16 00:00:00,POS PURCHASE VENDOR X,15000,0,51137000,1234567890
2024-04-16 06:00:00,POS PURCHASE VENDOR X,0,2400000,53537000,1234567890
2024-04-16 12:00:00,INWARD TRANSFER,15000,0,53522000,1234567890
2024-04-16 18:00:00,SALARY PAYMENT,5000,0,53517000,1234567890
2024-04-17 00:00:00,POS PURCHASE VENDOR X,15000,0,53502000,1234567890
2024-04-17 06:00:00,TRANSFER TO JOHN DOE,184000,0,53318000,1234567890
2024-04-17 12:00:00,TRANSFER TO JOHN DOE,50000,0,53268000,1234567890
2024-04-17 18:00:00,TRANSFER TO JOHN DOE,15000,0,53253000,1234567890
2024-04-18 00:00:00,ATM WITHDRAWAL,50000,0,53203000,1234567890
2024-04-18 06:00:00,ATM WITHDRAWAL,15000,0,53188000,1234567890
2024-04-18 12:00:00,TRANSFER TO JOHN DOE,50000,0,53138000,1234567890
2024-04-18 18:00:00,ATM WITHDRAWAL,5000,0,53133000,1234567890
2024-04-19 00:00:00,SALARY PAYMENT,184000,0,52949000,1234567890
2024-04-19 06:00:00,ATM WITHDRAWAL,184000,0,52765000,1234567890
2024-04-19 12:00:00,BANK CHARGE COMMISSION,184000,0,52581000,1234567890
2024-04-19 18:00:00,SALARY PAYMENT,15000,0,52566000,1234567890
2024-04-20 00:00:00,ATM WITHDRAWAL,184000,0,52382000,1234567890
2024-04-20 06:00:00,BANK CHARGE COMMISSION,0,100000,52482000,1234567890
2024-04-20 12:00:00,SALARY PAYMENT,0,2400000,54882000,1234567890
2024-04-20 18:00:00,BANK CHARGE COMMISSION,184000,0,54698000,1234567890
2024-04-21 00:00:00,ATM WITHDRAWAL,184000,0,54514000,1234567890
2024-04-21 06:00:00,ATM WITHDRAWAL,15000,0,54499000,1234567890
2024-04-21 12:00:00,ATM WITHDRAWAL,184000,0,54315000,1234567890
2024-04-21 18:00:00,POS PURCHASE VENDOR X,50000,0,54265000,1234567890
2024-04-22 00:00:00,BANK CHARGE COMMISSION,5000,0,54260000,1234567890
2024-04-22 06:00:00,POS PURCHASE VENDOR X,15000,0,54245000,1234567890
2024-04-22 12:00:00,TRANSFER TO JOHN DOE,15000,0,54230000,1234567890
2024-04-22 18:00:00,ATM WITHDRAWAL,0,2400000,56630000,1234567890
2024-04-23 00:00:00,TRANSFER TO JOHN DOE,15000,0,56615000,1234567890
2024-04-23 06:00:00,SALARY PAYMENT,15000,0,56600000,1234567890
2024-04-23 12:00:00,POS PURCHASE VENDOR X,5000,0,56595000,1234567890
2024-04-23 18:00:00,BANK CHARGE COMMISSION,50000,0,56545000,1234567890
2024-04-24 00:00:00,INWARD TRANSFER,5000,0,56540000,1234567890
2024-04-24 06:00:00,ATM WITHDRAWAL,50000,0,56490000,1234567890
2024-04-24 12:00:00,TRANSFER TO JOHN DOE,0,0,56490000,1234567890
2024-04-24 18:00:00,TRANSFER TO JOHN DOE,5000,0,56485000,1234567890
2024-04-25 00:00:00,TRANSFER TO JOHN DOE,5000,0,56480000,1234567890
2024-04-25 06:00:00,POS PURCHASE VENDOR X,5000,0,56475000,1234567890
2024-04-25 12:00:00,POS PURCHASE VENDOR X,184000,0,56291000,1234567890
2024-04-25 18:00:00,INWARD TRANSFER,184000,0,56107000,1234567890
2024-04-26 00:00:00,SALARY PAYMENT,5000,0,56102000,1234567890
2024-04-26 06:00:00,POS PURCHASE VENDOR X,15000,0,56087000,1234567890
2024-04-26 12:00:00,BANK CHARGE COMMISSION,0,100000,56187000,1234567890
2024-04-26 18:00:00,BANK CHARGE COMMISSION,15000,0,56172000,1234567890
2024-04-27 00:00:00,TRANSFER TO JOHN DOE,0,100000,56272000,1234567890
2024-04-27 06:00:00,ATM WITHDRAWAL,0,0,56272000,1234567890
2024-04-27 12:00:00,TRANSFER TO JOHN DOE,184000,0,56088000,1234567890
2024-04-27 18:00:00,BANK CHARGE COMMISSION,0,100000,56188000,1234567890
2024-04-28 00:00:00,BANK CHARGE COMMISSION,5000,0,56183000,1234567890
2024-04-28 06:00:00,BANK CHARGE COMMISSION,5000,0,56178000,1234567890
2024-04-28 12:00:00,TRANSFER TO JOHN DOE,0,0,56178000,1234567890
2024-04-28 18:00:00,INWARD TRANSFER,184000,0,55994000,1234567890
2024-04-29 00:00:00,ATM WITHDRAWAL,15000,0,55979000,1234567890
2024-04-29 06:00:00,INWARD TRANSFER,184000,0,55795000,1234567890
2024-04-29 12:00:00,INWARD TRANSFER,184000,0,55611000,1234567890
2024-04-29 18:00:00,ATM WITHDRAWAL,15000,0,55596000,1234567890
2024-04-30 00:00:00,BANK CHARGE COMMISSION,5000,0,55591000,1234567890
2024-04-30 06:00:00,BANK CHARGE COMMISSION,50000,0,55541000,1234567890
2024-04-30 12:00:00,TRANSFER TO JOHN DOE,184000,0,55357000,1234567890
2024-04-30 18:00:00,TRANSFER TO JOHN DOE,5000,0,55352000,1234567890
2024-05-01 00:00:00,INWARD TRANSFER,0,100000,55452000,1234567890
2024-05-01 06:00:00,ATM WITHDRAWAL,184000,0,55268000,1234567890
2024-05-01 12:00:00,ATM WITHDRAWAL,184000,0,55084000,1234567890
2024-05-01 18:00:00,POS PURCHASE VENDOR X,0,2400000,57484000,1234567890
2024-05-02 00:00:00,POS PURCHASE VENDOR X,50000,0,57434000,1234567890
2024-05-02 06:00:00,INWARD TRANSFER,50000,0,57384000,1234567890
2024-05-02 12:00:00,TRANSFER TO JOHN DOE,15000,0,57369000,1234567890
2024-05-02 18:00:00,BANK CHARGE COMMISSION,0,0,57369000,1234567890
2024-05-03 00:00:00,SALARY PAYMENT,5000,0,57364000,1234567890
2024-05-03 06:00:00,BANK CHARGE COMMISSION,5000,0,57359000,1234567890
2024-05-03 12:00:00,INWARD TRANSFER,50000,0,57309000,1234567890
2024-05-03 18:00:00,ATM WITHDRAWAL,15000,0,57294000,1234567890
2024-05-04 00:00:00,POS PURCHASE VENDOR X,15000,0,57279000,1234567890
2024-05-04 06:00:00,TRANSFER TO JOHN DOE,5000,0,57274000,1234567890
2024-05-04 12:00:00,ATM WITHDRAWAL,15000,0,57259000,1234567890
2024-05-04 18:00:00,TRANSFER TO JOHN DOE,50000,0,57209000,1234567890
2024-05-05 00:00:00,TRANSFER TO JOHN DOE,50000,0,57159000,1234567890
2024-05-05 06:00:00,INWARD TRANSFER,15000,0,57144000,1234567890
2024-05-05 12:00:00,POS PURCHASE VENDOR X,50000,0,57094000,1234567890
2024-05-05 18:00:00,POS PURCHASE VENDOR X,50000,0,57044000,1234567890
2024-05-06 00:00:00,SALARY PAYMENT,15000,0,57029000,1234567890
2024-05-06 06:00:00,BANK CHARGE COMMISSION,50000,0,56979000,1234567890
2024-05-06 12:00:00,ATM WITHDRAWAL,0,100000,57079000,1234567890
2024-05-06 18:00:00,SALARY PAYMENT,50000,0,57029000,1234567890
2024-05-07 00:00:00,SALARY PAYMENT,184000,0,56845000,1234567890
2024-05-07 06:00:00,ATM WITHDRAWAL,5000,0,56840000,1234567890
2024-05-07 12:00:00,SALARY PAYMENT,0,0,56840000,1234567890
2024-05-07 18:00:00,POS PURCHASE VENDOR X,15000,0,56825000,1234567890
2024-05-08 00:00:00,TRANSFER TO JOHN DOE,5000,0,56820000,1234567890
2024-05-08 06:00:00,BANK CHARGE COMMISSION,184000,0,56636000,1234567890
2024-05-08 12:00:00,SALARY PAYMENT,5000,0,56631000,1234567890
2024-05-08 18:00:00,BANK CHARGE COMMISSION,50000,0,56581000,1234567890
2024-05-09 00:00:00,TRANSFER TO JOHN DOE,5000,0,56576000,1234567890
2024-05-09 06:00:00,BANK CHARGE COMMISSION,15000,0,56561000,1234567890
2024-05-09 12:00:00,TRANSFER TO JOHN DOE,50000,0,56511000,1234567890
2024-05-09 18:00:00,BANK CHARGE COMMISSION,50000,0,56461000,1234567890
2024-05-10 00:00:00,POS PURCHASE VENDOR X,184000,0,56277000,1234567890
2024-05-10 06:00:00,SALARY PAYMENT,5000,0,56272000,1234567890
2024-05-10 12:00:00,BANK CHARGE COMMISSION,184000,0,56088000,1234567890
2024-05-10 18:00:00,BANK CHARGE COMMISSION,50000,0,56038000,1234567890
2024-05-11 00:00:00,ATM WITHDRAWAL,50000,0,55988000,1234567890
2024-05-11 06:00:00,BANK CHARGE COMMISSION,184000,0,55804000,1234567890
2024-05-11 12:00:00,SALARY PAYMENT,50000,0,55754000,1234567890
2024-05-11 18:00:00,SALARY PAYMENT,5000,0,55749000,1234567890
2024-05-12 00:00:00,TRANSFER TO JOHN DOE,0,2400000,58149000,1234567890
2024-05-12 06:00:00,POS PURCHASE VENDOR X,184000,0,57965000,1234567890
2024-05-12 12:00:00,BANK CHARGE COMMISSION,15000,0,57950000,1234567890
2024-05-12 18:00:00,POS PURCHASE VENDOR X,0,2400000,60350000,1234567890
2024-05-13 00:00:00,POS PURCHASE VENDOR X,15000,0,60335000,1234567890
2024-05-13 06:00:00,BANK CHARGE COMMISSION,50000,0,60285000,1234567890
2024-05-13 12:00:00,ATM WITHDRAWAL,0,0,60285000,1234567890
2024-05-13 18:00:00,INWARD TRANSFER,50000,0,60235000,1234567890
2024-05-14 00:00:00,BANK CHARGE COMMISSION,50000,0,60185000,1234567890
2024-05-14 06:00:00,INWARD TRANSFER,184000,0,60001000,1234567890
2024-05-14 12:00:00,BANK CHARGE COMMISSION,15000,0,59986000,1234567890
2024-05-14 18:00:00,POS PURCHASE VENDOR X,5000,0,59981000,1234567890
2024-05-15 00:00:00,BANK CHARGE COMMISSION,184000,0,59797000,1234567890
2024-05-15 06:00:00,INWARD TRANSFER,184000,0,59613000,1234567890
2024-05-15 12:00:00,POS PURCHASE VENDOR X,15000,0,59598000,1234567890
2024-05-15 18:00:00,BANK CHARGE COMMISSION,184000,0,59414000,1234567890
2024-05-16 00:00:00,ATM WITHDRAWAL,15000,0,59399000,1234567890
2024-05-16 06:00:00,TRANSFER TO JOHN DOE,184000,0,59215000,1234567890
2024-05-16 12:00:00,BANK CHARGE COMMISSION,0,0,59215000,1234567890
2024-05-16 18:00:00,ATM WITHDRAWAL,15000,0,59200000,1234567890
2024-05-17 00:00:00,INWARD TRANSFER,5000,0,59195000,1234567890
2024-05-17 06:00:00,SALARY PAYMENT,184000,0,59011000,1234567890
2024-05-17 12:00:00,ATM WITHDRAWAL,0,0,59011000,1234567890
2024-05-17 18:00:00,TRANSFER TO JOHN DOE,5000,0,59006000,1234567890
2024-05-18 00:00:00,ATM WITHDRAWAL,184000,0,58822000,1234567890
2024-05-18 06:00:00,SALARY PAYMENT,184000,0,58638000,1234567890
2024-05-18 12:00:00,BANK CHARGE COMMISSION,50000,0,58588000,1234567890
2024-05-18 18:00:00,ATM WITHDRAWAL,184000,0,58404000,1234567890
2024-05-19 00:00:00,BANK CHARGE COMMISSION,5000,0,58399000,1234567890
2024-05-19 06:00:00,INWARD TRANSFER,5000,0,58394000,1234567890
2024-05-19 12:00:00,TRANSFER TO JOHN DOE,0,100000,58494000,1234567890
2024-05-19 18:00:00,SALARY PAYMENT,50000,0,58444000,1234567890
2024-05-20 00:00:00,ATM WITHDRAWAL,0,0,58444000,1234567890
2024-05-20 06:00:00,TRANSFER TO JOHN DOE,0,0,58444000,1234567890
2024-05-20 12:00:00,ATM WITHDRAWAL,184000,0,58260000,1234567890
2024-05-20 18:00:00,TRANSFER TO JOHN DOE,0,2400000,60660000,1234567890
2024-05-21 00:00:00,ATM WITHDRAWAL,15000,0,60645000,1234567890
2024-05-21 06:00:00,INWARD TRANSFER,50000,0,60595000,1234567890
2024-05-21 12:00:00,SALARY PAYMENT,184000,0,60411000,1234567890
2024-05-21 18:00:00,SALARY PAYMENT,15000,0,60396000,1234567890
2024-05-22 00:00:00,INWARD TRANSFER,5000,0,60391000,1234567890
2024-05-22 06:00:00,BANK CHARGE COMMISSION,50000,0,60341000,1234567890
2024-05-22 12:00:00,ATM WITHDRAWAL,5000,0,60336000,1234567890
2024-05-22 18:00:00,INWARD TRANSFER,5000,0,60331000,1234567890
2024-05-23 00:00:00,INWARD TRANSFER,184000,0,60147000,1234567890
2024-05-23 06:00:00,TRANSFER TO JOHN DOE,15000,0,60132000,1234567890
2024-05-23 12:00:00,INWARD TRANSFER,50000,0,60082000,1234567890
2024-05-23 18:00:00,INWARD TRANSFER,184000,0,59898000,1234567890
2024-05-24 00:00:00,BANK CHARGE COMMISSION,0,0,59898000,1234567890
2024-05-24 06:00:00,POS PURCHASE VENDOR X,50000,0,59848000,1234567890
2024-05-24 12:00:00,SALARY PAYMENT,184000,0,59664000,1234567890
2024-05-24 18:00:00,TRANSFER TO JOHN DOE,50000,0,59614000,1234567890
2024-05-25 00:00:00,INWARD TRANSFER,50000,0,59564000,1234567890
2024-05-25 06:00:00,POS PURCHASE VENDOR X,184000,0,59380000,1234567890
2024-05-25 12:00:00,POS PURCHASE VENDOR X,5000,0,59375000,1234567890
2024-05-25 18:00:00,INWARD TRANSFER,5000,0,59370000,1234567890
2024-05-26 00:00:00,BANK CHARGE COMMISSION,184000,0,59186000,1234567890
2024-05-26 06:00:00,SALARY PAYMENT,50000,0,59136000,1234567890
2024-05-26 12:00:00,SALARY PAYMENT,5000,0,59131000,1234567890
2024-05-26 18:00:00,SALARY PAYMENT,15000,0,59116000,1234567890
2024-05-27 00:00:00,ATM WITHDRAWAL,0,100000,59216000,1234567890
2024-05-27 06:00:00,SALARY PAYMENT,0,100000,59316000,1234567890
2024-05-27 12:00:00,BANK CHARGE COMMISSION,15000,0,59301000,1234567890
2024-05-27 18:00:00,INWARD TRANSFER,15000,0,59286000,1234567890
2024-05-28 00:00:00,TRANSFER TO JOHN DOE,15000,0,59271000,1234567890
2024-05-28 06:00:00,ATM WITHDRAWAL,50000,0,59221000,1234567890
2024-05-28 12:00:00,ATM WITHDRAWAL,5000,0,59216000,1234567890
2024-05-28 18:00:00,INWARD TRANSFER,15000,0,59201000,1234567890
2024-05-29 00:00:00,INWARD TRANSFER,184000,0,59017000,1234567890
2024-05-29 06:00:00,TRANSFER TO JOHN DOE,0,2400000,61417000,1234567890
2024-05-29 12:00:00,SALARY PAYMENT,0,2400000,63817000,1234567890
2024-05-29 18:00:00,BANK CHARGE COMMISSION,15000,0,63802000,1234567890
2024-05-30 00:00:00,TRANSFER TO JOHN DOE,5000,0,63797000,1234567890
2024-05-30 06:00:00,SALARY PAYMENT,15000,0,63782000,1234567890
2024-05-30 12:00:00,INWARD TRANSFER,184000,0,63598000,1234567890
2024-05-30 18:00:00,TRANSFER TO JOHN DOE,15000,0,63583000,1234567890
2024-05-31 00:00:00,SALARY PAYMENT,50000,0,63533000,1234567890
2024-05-31 06:00:00,INWARD TRANSFER,15000,0,63518000,1234567890
2024-05-31 12:00:00,ATM WITHDRAWAL,50000,0,63468000,1234567890
2024-05-31 18:00:00,TRANSFER TO JOHN DOE,5000,0,63463000,1234567890
2024-06-01 00:00:00,POS PURCHASE VENDOR X,5000,0,63458000,1234567890
2024-06-01 06:00:00,ATM WITHDRAWAL,184000,0,63274000,1234567890
2024-06-01 12:00:00,POS PURCHASE VENDOR X,5000,0,63269000,1234567890
2024-06-01 18:00:00,INWARD TRANSFER,50000,0,63219000,1234567890
2024-06-02 00:00:00,POS PURCHASE VENDOR X,5000,0,63214000,1234567890
2024-06-02 06:00:00,BANK CHARGE COMMISSION,50000,0,63164000,1234567890
2024-06-02 12:00:00,SALARY PAYMENT,184000,0,62980000,1234567890
2024-06-02 18:00:00,INWARD TRANSFER,50000,0,62930000,1234567890
2024-06-03 00:00:00,POS PURCHASE VENDOR X,15000,0,62915000,1234567890
2024-06-03 06:00:00,INWARD TRANSFER,5000,0,62910000,1234567890
2024-06-03 12:00:00,BANK CHARGE COMMISSION,0,2400000,65310000,1234567890
2024-06-03 18:00:00,POS PURCHASE VENDOR X,15000,0,65295000,1234567890
2024-06-04 00:00:00,POS PURCHASE VENDOR X,50000,0,65245000,1234567890
2024-06-04 06:00:00,ATM WITHDRAWAL,15000,0,65230000,1234567890
2024-06-04 12:00:00,POS PURCHASE VENDOR X,15000,0,65215000,1234567890
2024-06-04 18:00:00,SALARY PAYMENT,15000,0,65200000,1234567890
2024-06-05 00:00:00,POS PURCHASE VENDOR X,15000,0,65185000,1234567890
2024-06-05 06:00:00,INWARD TRANSFER,50000,0,65135000,1234567890
2024-06-05 12:00:00,BANK CHARGE COMMISSION,5000,0,65130000,1234567890
2024-06-05 18:00:00,TRANSFER TO JOHN DOE,5000,0,65125000,1234567890
2024-06-06 00:00:00,SALARY PAYMENT,15000,0,65110000,1234567890
2024-06-06 06:00:00,BANK CHARGE COMMISSION,0,100000,65210000,1234567890
2024-06-06 12:00:00,BANK CHARGE COMMISSION,5000,0,65205000,1234567890
2024-06-06 18:00:00,POS PURCHASE VENDOR X,50000,0,65155000,1234567890
2024-06-07 00:00:00,TRANSFER TO JOHN DOE,50000,0,65105000,1234567890
2024-06-07 06:00:00,TRANSFER TO JOHN DOE,5000,0,65100000,1234567890
2024-06-07 12:00:00,BANK CHARGE COMMISSION,50000,0,65050000,1234567890
2024-06-07 18:00:00,INWARD TRANSFER,50000,0,65000000,1234567890
2024-06-08 00:00:00,TRANSFER TO JOHN DOE,184000,0,64816000,1234567890
2024-06-08 06:00:00,TRANSFER TO JOHN DOE,50000,0,64766000,1234567890
2024-06-08 12:00:00,SALARY PAYMENT,5000,0,64761000,1234567890
2024-06-08 18:00:00,BANK CHARGE COMMISSION,5000,0,64756000,1234567890
2024-06-09 00:00:00,SALARY PAYMENT,0,0,64756000,1234567890
2024-06-09 06:00:00,SALARY PAYMENT,15000,0,64741000,1234567890
2024-06-09 12:00:00,ATM WITHDRAWAL,5000,0,64736000,1234567890
2024-06-09 18:00:00,TRANSFER TO JOHN DOE,50000,0,64686000,1234567890
2024-06-10 00:00:00,SALARY PAYMENT,0,0,64686000,1234567890
2024-06-10 06:00:00,SALARY PAYMENT,184000,0,64502000,1234567890
2024-06-10 12:00:00,BANK CHARGE COMMISSION,0,2400000,66902000,1234567890
2024-06-10 18:00:00,ATM WITHDRAWAL,50000,0,66852000,1234567890
2024-06-11 00:00:00,BANK CHARGE COMMISSION,5000,0,66847000,1234567890
2024-06-11 06:00:00,SALARY PAYMENT,0,0,66847000,1234567890
2024-06-11 12:00:00,BANK CHARGE COMMISSION,50000,0,66797000,1234567890
2024-06-11 18:00:00,INWARD TRANSFER,184000,0,66613000,1234567890
2024-06-12 00:00:00,POS PURCHASE VENDOR X,0,0,66613000,1234567890
2024-06-12 06:00:00,ATM WITHDRAWAL,50000,0,66563000,1234567890
2024-06-12 12:00:00,SALARY PAYMENT,15000,0,66548000,1234567890
2024-06-12 18:00:00,SALARY PAYMENT,5000,0,66543000,1234567890
2024-06-13 00:00:00,SALARY PAYMENT,50000,0,66493000,1234567890
2024-06-13 06:00:00,POS PURCHASE VENDOR X,15000,0,66478000,1234567890
2024-06-13 12:00:00,ATM WITHDRAWAL,5000,0,66473000,1234567890
2024-06-13 18:00:00,SALARY PAYMENT,5000,0,66468000,1234567890
2024-06-14 00:00:00,ATM WITHDRAWAL,5000,0,66463000,1234567890
2024-06-14 06:00:00,SALARY PAYMENT,15000,0,66448000,1234567890
2024-06-14 12:00:00,TRANSFER TO JOHN DOE,0,0,66448000,1234567890
2024-06-14 18:00:00,INWARD TRANSFER,15000,0,66433000,1234567890
2024-06-15 00:00:00,INWARD TRANSFER,15000,0,66418000,1234567890
2024-06-15 06:00:00,BANK CHARGE COMMISSION,50000,0,66368000,1234567890
2024-06-15 12:00:00,POS PURCHASE VENDOR X,50000,0,66318000,1234567890
2024-06-15 18:00:00,SALARY PAYMENT,184000,0,66134000,1234567890
2024-06-16 00:00:00,SALARY PAYMENT,15000,0,66119000,1234567890
2024-06-16 06:00:00,BANK CHARGE COMMISSION,15000,0,66104000,1234567890
2024-06-16 12:00:00,INWARD TRANSFER,184000,0,65920000,1234567890
2024-06-16 18:00:00,BANK CHARGE COMMISSION,15000,0,65905000,1234567890
2024-06-17 00:00:00,INWARD TRANSFER,15000,0,65890000,1234567890
2024-06-17 06:00:00,INWARD TRANSFER,184000,0,65706000,1234567890
2024-06-17 12:00:00,ATM WITHDRAWAL,184000,0,65522000,1234567890
2024-06-17 18:00:00,BANK CHARGE COMMISSION,184000,0,65338000,1234567890
2024-06-18 00:00:00,ATM WITHDRAWAL,5000,0,65333000,1234567890
2024-06-18 06:00:00,BANK CHARGE COMMISSION,50000,0,65283000,1234567890
2024-06-18 12:00:00,SALARY PAYMENT,184000,0,65099000,1234567890
2024-06-18 18:00:00,INWARD TRANSFER,5000,0,65094000,1234567890
2024-06-19 00:00:00,SALARY PAYMENT,50000,0,65044000,1234567890
2024-06-19 06:00:00,INWARD TRANSFER,184000,0,64860000,1234567890
2024-06-19 12:00:00,TRANSFER TO JOHN DOE,15000,0,64845000,1234567890
2024-06-19 18:00:00,ATM WITHDRAWAL,15000,0,64830000,1234567890
2024-06-20 00:00:00,SALARY PAYMENT,50000,0,64780000,1234567890
2024-06-20 06:00:00,POS PURCHASE VENDOR X,0,2400000,67180000,1234567890
2024-06-20 12:00:00,BANK CHARGE COMMISSION,50000,0,67130000,1234567890
2024-06-20 18:00:00,SALARY PAYMENT,5000,0,67125000,1234567890
2024-06-21 00:00:00,POS PURCHASE VENDOR X,15000,0,67110000,1234567890
2024-06-21 06:00:00,TRANSFER TO JOHN DOE,15000,0,67095000,1234567890
2024-06-21 12:00:00,INWARD TRANSFER,184000,0,66911000,1234567890
2024-06-21 18:00:00,ATM WITHDRAWAL,5000,0,66906000,1234567890
2024-06-22 00:00:00,POS PURCHASE VENDOR X,0,100000,67006000,1234567890
2024-06-22 06:00:00,ATM WITHDRAWAL,5000,0,67001000,1234567890
2024-06-22 12:00:00,INWARD TRANSFER,5000,0,66996000,1234567890
2024-06-22 18:00:00,ATM WITHDRAWAL,5000,0,66991000,1234567890
2024-06-23 00:00:00,ATM WITHDRAWAL,5000,0,66986000,1234567890
2024-06-23 06:00:00,SALARY PAYMENT,0,100000,67086000,1234567890
2024-06-23 12:00:00,BANK CHARGE COMMISSION,5000,0,67081000,1234567890
2024-06-23 18:00:00,POS PURCHASE VENDOR X,0,2400000,69481000,1234567890
2024-06-24 00:00:00,TRANSFER TO JOHN DOE,50000,0,69431000,1234567890
2024-06-24 06:00:00,ATM WITHDRAWAL,5000,0,69426000,1234567890
2024-06-24 12:00:00,ATM WITHDRAWAL,184000,0,69242000,1234567890
2024-06-24 18:00:00,SALARY PAYMENT,0,2400000,71642000,1234567890
2024-06-25 00:00:00,TRANSFER TO JOHN DOE,0,2400000,74042000,1234567890
2024-06-25 06:00:00,POS PURCHASE VENDOR X,5000,0,74037000,1234567890
2024-06-25 12:00:00,INWARD TRANSFER,184000,0,73853000,1234567890
2024-06-25 18:00:00,BANK CHARGE COMMISSION,184000,0,73669000,1234567890
2024-06-26 00:00:00,TRANSFER TO JOHN DOE,5000,0,73664000,1234567890
2024-06-26 06:00:00,ATM WITHDRAWAL,184000,0,73480000,1234567890
2024-06-26 12:00:00,INWARD TRANSFER,0,0,73480000,1234567890
2024-06-26 18:00:00,BANK CHARGE COMMISSION,5000,0,73475000,1234567890
2024-06-27 00:00:00,TRANSFER TO JOHN DOE,5000,0,73470000,1234567890
2024-06-27 06:00:00,ATM WITHDRAWAL,5000,0,73465000,1234567890
2024-06-27 12:00:00,POS PURCHASE VENDOR X,50000,0,73415000,1234567890
2024-06-27 18:00:00,TRANSFER TO JOHN DOE,5000,0,73410000,1234567890
2024-06-28 00:00:00,ATM WITHDRAWAL,15000,0,73395000,1234567890
2024-06-28 06:00:00,INWARD TRANSFER,15000,0,73380000,1234567890
2024-06-28 12:00:00,TRANSFER TO JOHN DOE,0,2400000,75780000,1234567890
2024-06-28 18:00:00,BANK CHARGE COMMISSION,50000,0,75730000,1234567890
2024-06-29 00:00:00,POS PURCHASE VENDOR X,50000,0,75680000,1234567890
2024-06-29 06:00:00,TRANSFER TO JOHN DOE,184000,0,75496000,1234567890
2024-06-29 12:00:00,SALARY PAYMENT,5000,0,75491000,1234567890
2024-06-29 18:00:00,TRANSFER TO JOHN DOE,15000,0,75476000,1234567890
2024-06-30 00:00:00,SALARY PAYMENT,50000,0,75426000,1234567890
2024-06-30 06:00:00,POS PURCHASE VENDOR X,15000,0,75411000,1234567890
2024-06-30 12:00:00,SALARY PAYMENT,15000,0,75396000,1234567890
2024-06-30 18:00:00,INWARD TRANSFER,5000,0,75391000,1234567890
2024-07-01 00:00:00,BANK CHARGE COMMISSION,15000,0,75376000,1234567890
2024-07-01 06:00:00,ATM WITHDRAWAL,0,2400000,77776000,1234567890
2024-07-01 12:00:00,INWARD TRANSFER,0,100000,77876000,1234567890
2024-07-01 18:00:00,ATM WITHDRAWAL,50000,0,77826000,1234567890
2024-07-02 00:00:00,SALARY PAYMENT,50000,0,77776000,1234567890
2024-07-02 06:00:00,BANK CHARGE COMMISSION,184000,0,77592000,1234567890
2024-07-02 12:00:00,INWARD TRANSFER,15000,0,77577000,1234567890
2024-07-02 18:00:00,TRANSFER TO JOHN DOE,50000,0,77527000,1234567890
2024-07-03 00:00:00,INWARD TRANSFER,5000,0,77522000,1234567890
2024-07-03 06:00:00,ATM WITHDRAWAL,50000,0,77472000,1234567890
2024-07-03 12:00:00,TRANSFER TO JOHN DOE,0,0,77472000,1234567890
2024-07-03 18:00:00,POS PURCHASE VENDOR X,15000,0,77457000,1234567890
2024-07-04 00:00:00,INWARD TRANSFER,0,0,77457000,1234567890
2024-07-04 06:00:00,INWARD TRANSFER,50000,0,77407000,1234567890
2024-07-04 12:00:00,TRANSFER TO JOHN DOE,50000,0,77357000,1234567890
2024-07-04 18:00:00,INWARD TRANSFER,0,2400000,79757000,1234567890
2024-07-05 00:00:00,TRANSFER TO JOHN DOE,184000,0,79573000,1234567890
2024-07-05 06:00:00,POS PURCHASE VENDOR X,184000,0,79389000,1234567890
2024-07-05 12:00:00,INWARD TRANSFER,50000,0,79339000,1234567890
2024-07-05 18:00:00,ATM WITHDRAWAL,184000,0,79155000,1234567890
2024-07-06 00:00:00,INWARD TRANSFER,0,100000,79255000,1234567890
2024-07-06 06:00:00,TRANSFER TO JOHN DOE,15000,0,79240000,1234567890
2024-07-06 12:00:00,TRANSFER TO JOHN DOE,50000,0,79190000,1234567890
2024-07-06 18:00:00,ATM WITHDRAWAL,5000,0,79185000,1234567890
2024-07-07 00:00:00,ATM WITHDRAWAL,184000,0,79001000,1234567890
2024-07-07 06:00:00,TRANSFER TO JOHN DOE,184000,0,78817000,1234567890
2024-07-07 12:00:00,SALARY PAYMENT,5000,0,78812000,1234567890
2024-07-07 18:00:00,TRANSFER TO JOHN DOE,5000,0,78807000,1234567890
2024-07-08 00:00:00,INWARD TRANSFER,0,100000,78907000,1234567890
2024-07-08 06:00:00,TRANSFER TO JOHN DOE,0,100000,79007000,1234567890
2024-07-08 12:00:00,ATM WITHDRAWAL,184000,0,78823000,1234567890
2024-07-08 18:00:00,INWARD TRANSFER,15000,0,78808000,1234567890
2024-07-09 00:00:00,TRANSFER TO JOHN DOE,0,0,78808000,1234567890
2024-07-09 06:00:00,POS PURCHASE VENDOR X,0,100000,78908000,1234567890
2024-07-09 12:00:00,ATM WITHDRAWAL,50000,0,78858000,1234567890
2024-07-09 18:00:00,SALARY PAYMENT,50000,0,78808000,1234567890
2024-07-10 00:00:00,POS PURCHASE VENDOR X,0,100000,78908000,1234567890
2024-07-10 06:00:00,INWARD TRANSFER,15000,0,78893000,1234567890
2024-07-10 12:00:00,ATM WITHDRAWAL,184000,0,78709000,1234567890
2024-07-10 18:00:00,INWARD TRANSFER,5000,0,78704000,1234567890
2024-07-11 00:00:00,BANK CHARGE COMMISSION,0,0,78704000,1234567890
2024-07-11 06:00:00,ATM WITHDRAWAL,15000,0,78689000,1234567890
2024-07-11 12:00:00,INWARD TRANSFER,15000,0,78674000,1234567890
2024-07-11 18:00:00,POS PURCHASE VENDOR X,15000,0,78659000,1234567890
2024-07-12 00:00:00,INWARD TRANSFER,0,2400000,81059000,1234567890
2024-07-12 06:00:00,TRANSFER TO JOHN DOE,0,0,81059000,1234567890
2024-07-12 12:00:00,TRANSFER TO JOHN DOE,15000,0,81044000,1234567890
2024-07-12 18:00:00,POS PURCHASE VENDOR X,15000,0,81029000,1234567890
2024-07-13 00:00:00,INWARD TRANSFER,0,0,81029000,1234567890
2024-07-13 06:00:00,ATM WITHDRAWAL,184000,0,80845000,1234567890
2024-07-13 12:00:00,POS PURCHASE VENDOR X,0,100000,80945000,1234567890
2024-07-13 18:00:00,INWARD TRANSFER,50000,0,80895000,1234567890
2024-07-14 00:00:00,BANK CHARGE COMMISSION,15000,0,80880000,1234567890
2024-07-14 06:00:00,TRANSFER TO JOHN DOE,184000,0,80696000,1234567890
2024-07-14 12:00:00,POS PURCHASE VENDOR X,5000,0,80691000,1234567890
2024-07-14 18:00:00,INWARD TRANSFER,0,2400000,83091000,1234567890
2024-07-15 00:00:00,BANK CHARGE COMMISSION,15000,0,83076000,1234567890
2024-07-15 06:00:00,TRANSFER TO JOHN DOE,0,100000,83176000,1234567890
2024-07-15 12:00:00,BANK CHARGE COMMISSION,5000,0,83171000,1234567890
2024-07-15 18:00:00,SALARY PAYMENT,0,100000,83271000,1234567890
2024-07-16 00:00:00,POS PURCHASE VENDOR X,184000,0,83087000,1234567890
2024-07-16 06:00:00,INWARD TRANSFER,5000,0,83082000,1234567890
2024-07-16 12:00:00,BANK CHARGE COMMISSION,50000,0,83032000,1234567890
2024-07-16 18:00:00,BANK CHARGE COMMISSION,50000,0,82982000,1234567890
2024-07-17 00:00:00,BANK CHARGE COMMISSION,15000,0,82967000,1234567890
2024-07-17 06:00:00,ATM WITHDRAWAL,50000,0,82917000,1234567890
2024-07-17 12:00:00,BANK CHARGE COMMISSION,0,100000,83017000,1234567890
2024-07-17 18:00:00,INWARD TRANSFER,184000,0,82833000,1234567890
2024-07-18 00:00:00,INWARD TRANSFER,50000,0,82783000,1234567890
2024-07-18 06:00:00,INWARD TRANSFER,15000,0,82768000,1234567890
2024-07-18 12:00:00,TRANSFER TO JOHN DOE,0,0,82768000,1234567890
2024-07-18 18:00:00,BANK CHARGE COMMISSION,15000,0,82753000,1234567890
2024-07-19 00:00:00,POS PURCHASE VENDOR X,15000,0,82738000,1234567890
2024-07-19 06:00:00,TRANSFER TO JOHN DOE,184000,0,82554000,1234567890
2024-07-19 12:00:00,SALARY PAYMENT,184000,0,82370000,1234567890
2024-07-19 18:00:00,ATM WITHDRAWAL,15000,0,82355000,1234567890
2024-07-20 00:00:00,INWARD TRANSFER,15000,0,82340000,1234567890
2024-07-20 06:00:00,ATM WITHDRAWAL,50000,0,82290000,1234567890
2024-07-20 12:00:00,TRANSFER TO JOHN DOE,50000,0,82240000,1234567890
2024-07-20 18:00:00,ATM WITHDRAWAL,5000,0,82235000,1234567890
2024-07-21 00:00:00,TRANSFER TO JOHN DOE,184000,0,82051000,1234567890
2024-07-21 06:00:00,SALARY PAYMENT,50000,0,82001000,1234567890
2024-07-21 12:00:00,ATM WITHDRAWAL,15000,0,81986000,1234567890
2024-07-21 18:00:00,INWARD TRANSFER,50000,0,81936000,1234567890
2024-07-22 00:00:00,SALARY PAYMENT,5000,0,81931000,1234567890
2024-07-22 06:00:00,BANK CHARGE COMMISSION,50000,0,81881000,1234567890
2024-07-22 12:00:00,INWARD TRANSFER,15000,0,81866000,1234567890
2024-07-22 18:00:00,SALARY PAYMENT,50000,0,81816000,1234567890
2024-07-23 00:00:00,INWARD TRANSFER,50000,0,81766000,1234567890
2024-07-23 06:00:00,INWARD TRANSFER,184000,0,81582000,1234567890
2024-07-23 12:00:00,BANK CHARGE COMMISSION,184000,0,81398000,1234567890
2024-07-23 18:00:00,INWARD TRANSFER,5000,0,81393000,1234567890
2024-07-24 00:00:00,TRANSFER TO JOHN DOE,5000,0,81388000,1234567890
2024-07-24 06:00:00,SALARY PAYMENT,50000,0,81338000,1234567890
2024-07-24 12:00:00,ATM WITHDRAWAL,184000,0,81154000,1234567890
2024-07-24 18:00:00,BANK CHARGE COMMISSION,184000,0,80970000,1234567890
2024-07-25 00:00:00,POS PURCHASE VENDOR X,50000,0,80920000,1234567890
2024-07-25 06:00:00,SALARY PAYMENT,184000,0,80736000,1234567890
2024-07-25 12:00:00,TRANSFER TO JOHN DOE,0,0,80736000,1234567890
2024-07-25 18:00:00,SALARY PAYMENT,15000,0,80721000,1234567890
2024-07-26 00:00:00,BANK CHARGE COMMISSION,0,2400000,83121000,1234567890
2024-07-26 06:00:00,ATM WITHDRAWAL,0,2400000,85521000,1234567890
2024-07-26 12:00:00,BANK CHARGE COMMISSION,0,0,85521000,1234567890
2024-07-26 18:00:00,TRANSFER TO JOHN DOE,184000,0,85337000,1234567890
2024-07-27 00:00:00,TRANSFER TO JOHN DOE,50000,0,85287000,1234567890
2024-07-27 06:00:00,SALARY PAYMENT,5000,0,85282000,1234567890
2024-07-27 12:00:00,POS PURCHASE VENDOR X,15000,0,85267000,1234567890
2024-07-27 18:00:00,INWARD TRANSFER,15000,0,85252000,1234567890
2024-07-28 00:00:00,ATM WITHDRAWAL,0,2400000,87652000,1234567890
2024-07-28 06:00:00,SALARY PAYMENT,5000,0,87647000,1234567890
2024-07-28 12:00:00,TRANSFER TO JOHN DOE,50000,0,87597000,1234567890
2024-07-28 18:00:00,TRANSFER TO JOHN DOE,5000,0,87592000,1234567890
2024-07-29 00:00:00,ATM WITHDRAWAL,5000,0,87587000,1234567890
2024-07-29 06:00:00,SALARY PAYMENT,15000,0,87572000,1234567890
2024-07-29 12:00:00,TRANSFER TO JOHN DOE,184000,0,87388000,1234567890
2024-07-29 18:00:00,POS PURCHASE VENDOR X,0,100000,87488000,1234567890
2024-07-30 00:00:00,POS PURCHASE VENDOR X,184000,0,87304000,1234567890
2024-07-30 06:00:00,INWARD TRANSFER,15000,0,87289000,1234567890
2024-07-30 12:00:00,SALARY PAYMENT,5000,0,87284000,1234567890
2024-07-30 18:00:00,SALARY PAYMENT,0,2400000,89684000,1234567890
2024-07-31 00:00:00,SALARY PAYMENT,50000,0,89634000,1234567890
2024-07-31 06:00:00,BANK CHARGE COMMISSION,50000,0,89584000,1234567890
2024-07-31 12:00:00,ATM WITHDRAWAL,5000,0,89579000,1234567890
2024-07-31 18:00:00,POS PURCHASE VENDOR X,184000,0,89395000,1234567890
2024-08-01 00:00:00,POS PURCHASE VENDOR X,184000,0,89211000,1234567890
2024-08-01 06:00:00,POS PURCHASE VENDOR X,0,0,89211000,1234567890
2024-08-01 12:00:00,POS PURCHASE VENDOR X,15000,0,89196000,1234567890
2024-08-01 18:00:00,INWARD TRANSFER,184000,0,89012000,1234567890
2024-08-02 00:00:00,TRANSFER TO JOHN DOE,50000,0,88962000,1234567890
2024-08-02 06:00:00,SALARY PAYMENT,50000,0,88912000,1234567890
2024-08-02 12:00:00,POS PURCHASE VENDOR X,50000,0,88862000,1234567890
2024-08-02 18:00:00,SALARY PAYMENT,184000,0,88678000,1234567890
2024-08-03 00:00:00,INWARD TRANSFER,5000,0,88673000,1234567890
2024-08-03 06:00:00,BANK CHARGE COMMISSION,184000,0,88489000,1234567890
2024-08-03 12:00:00,SALARY PAYMENT,184000,0,88305000,1234567890
2024-08-03 18:00:00,TRANSFER TO JOHN DOE,0,0,88305000,1234567890
2024-08-04 00:00:00,BANK CHARGE COMMISSION,15000,0,88290000,1234567890
2024-08-04 06:00:00,TRANSFER TO JOHN DOE,184000,0,88106000,1234567890
2024-08-04 12:00:00,SALARY PAYMENT,184000,0,87922000,1234567890
2024-08-04 18:00:00,TRANSFER TO JOHN DOE,15000,0,87907000,1234567890
2024-08-05 00:00:00,TRANSFER TO JOHN DOE,50000,0,87857000,1234567890
2024-08-05 06:00:00,INWARD TRANSFER,15000,0,87842000,1234567890
2024-08-05 12:00:00,ATM WITHDRAWAL,184000,0,87658000,1234567890
2024-08-05 18:00:00,BANK CHARGE COMMISSION,5000,0,87653000,1234567890
2024-08-06 00:00:00,TRANSFER TO JOHN DOE,0,0,87653000,1234567890
2024-08-06 06:00:00,TRANSFER TO JOHN DOE,0,100000,87753000,1234567890
2024-08-06 12:00:00,POS PURCHASE VENDOR X,15000,0,87738000,1234567890
2024-08-06 18:00:00,SALARY PAYMENT,15000,0,87723000,1234567890
2024-08-07 00:00:00,POS PURCHASE VENDOR X,50000,0,87673000,1234567890
2024-08-07 06:00:00,INWARD TRANSFER,0,100000,87773000,1234567890
2024-08-07 12:00:00,TRANSFER TO JOHN DOE,15000,0,87758000,1234567890
2024-08-07 18:00:00,BANK CHARGE COMMISSION,184000,0,87574000,1234567890
2024-08-08 00:00:00,SALARY PAYMENT,184000,0,87390000,1234567890
2024-08-08 06:00:00,BANK CHARGE COMMISSION,5000,0,87385000,1234567890
2024-08-08 12:00:00,POS PURCHASE VENDOR X,5000,0,87380000,1234567890
2024-08-08 18:00:00,POS PURCHASE VENDOR X,15000,0,87365000,1234567890
2024-08-09 00:00:00,ATM WITHDRAWAL,50000,0,87315000,1234567890
2024-08-09 06:00:00,TRANSFER TO JOHN DOE,50000,0,87265000,1234567890
2024-08-09 12:00:00,TRANSFER TO JOHN DOE,50000,0,87215000,1234567890
2024-08-09 18:00:00,SALARY PAYMENT,50000,0,87165000,1234567890
2024-08-10 00:00:00,POS PURCHASE VENDOR X,0,0,87165000,1234567890
2024-08-10 06:00:00,POS PURCHASE VENDOR X,50000,0,87115000,1234567890
2024-08-10 12:00:00,POS PURCHASE VENDOR X,5000,0,87110000,1234567890
2024-08-10 18:00:00,ATM WITHDRAWAL,5000,0,87105000,1234567890
2024-08-11 00:00:00,SALARY PAYMENT,0,100000,87205000,1234567890
2024-08-11 06:00:00,ATM WITHDRAWAL,15000,0,87190000,1234567890
2024-08-11 12:00:00,ATM WITHDRAWAL,184000,0,87006000,1234567890
2024-08-11 18:00:00,TRANSFER TO JOHN DOE,5000,0,87001000,1234567890
2024-08-12 00:00:00,ATM WITHDRAWAL,5000,0,86996000,1234567890
2024-08-12 06:00:00,TRANSFER TO JOHN DOE,0,2400000,89396000,1234567890
2024-08-12 12:00:00,POS PURCHASE VENDOR X,5000,0,89391000,1234567890
2024-08-12 18:00:00,TRANSFER TO JOHN DOE,184000,0,89207000,1234567890
2024-08-13 00:00:00,BANK CHARGE COMMISSION,0,0,89207000,1234567890
2024-08-13 06:00:00,SALARY PAYMENT,50000,0,89157000,1234567890
2024-08-13 12:00:00,INWARD TRANSFER,50000,0,89107000,1234567890
2024-08-13 18:00:00,POS PURCHASE VENDOR X,50000,0,89057000,1234567890
2024-08-14 00:00:00,BANK CHARGE COMMISSION,184000,0,88873000,1234567890
2024-08-14 06:00:00,INWARD TRANSFER,15000,0,88858000,1234567890
2024-08-14 12:00:00,BANK CHARGE COMMISSION,5000,0,88853000,1234567890
2024-08-14 18:00:00,INWARD TRANSFER,184000,0,88669000,1234567890
2024-08-15 00:00:00,INWARD TRANSFER,15000,0,88654000,1234567890
2024-08-15 06:00:00,ATM WITHDRAWAL,0,2400000,91054000,1234567890
2024-08-15 12:00:00,BANK CHARGE COMMISSION,184000,0,90870000,1234567890
2024-08-15 18:00:00,SALARY PAYMENT,0,100000,90970000,1234567890
2024-08-16 00:00:00,BANK CHARGE COMMISSION,15000,0,90955000,1234567890
2024-08-16 06:00:00,POS PURCHASE VENDOR X,184000,0,90771000,1234567890
2024-08-16 12:00:00,SALARY PAYMENT,5000,0,90766000,1234567890
2024-08-16 18:00:00,TRANSFER TO JOHN DOE,15000,0,90751000,1234567890
2024-08-17 00:00:00,SALARY PAYMENT,5000,0,90746000,1234567890
2024-08-17 06:00:00,SALARY PAYMENT,0,100000,90846000,1234567890
2024-08-17 12:00:00,SALARY PAYMENT,5000,0,90841000,1234567890
2024-08-17 18:00:00,BANK CHARGE COMMISSION,184000,0,90657000,1234567890
2024-08-18 00:00:00,BANK CHARGE COMMISSION,184000,0,90473000,1234567890
2024-08-18 06:00:00,POS PURCHASE VENDOR X,50000,0,90423000,1234567890
2024-08-18 12:00:00,POS PURCHASE VENDOR X,5000,0,90418000,1234567890
2024-08-18 18:00:00,ATM WITHDRAWAL,50000,0,90368000,1234567890
2024-08-19 00:00:00,SALARY PAYMENT,15000,0,90353000,1234567890
2024-08-19 06:00:00,TRANSFER TO JOHN DOE,0,2400000,92753000,1234567890
2024-08-19 12:00:00,TRANSFER TO JOHN DOE,15000,0,92738000,1234567890
2024-08-19 18:00:00,ATM WITHDRAWAL,0,2400000,95138000,1234567890
2024-08-20 00:00:00,SALARY PAYMENT,5000,0,95133000,1234567890
2024-08-20 06:00:00,SALARY PAYMENT,184000,0,94949000,1234567890
2024-08-20 12:00:00,SALARY PAYMENT,5000,0,94944000,1234567890
2024-08-20 18:00:00,POS PURCHASE VENDOR X,0,100000,95044000,1234567890
2024-08-21 00:00:00,POS PURCHASE VENDOR X,50000,0,94994000,1234567890
2024-08-21 06:00:00,POS PURCHASE VENDOR X,0,100000,95094000,1234567890
2024-08-21 12:00:00,BANK CHARGE COMMISSION,50000,0,95044000,1234567890
2024-08-21 18:00:00,TRANSFER TO JOHN DOE,15000,0,95029000,1234567890
2024-08-22 00:00:00,TRANSFER TO JOHN DOE,184000,0,94845000,1234567890
2024-08-22 06:00:00,INWARD TRANSFER,15000,0,94830000,1234567890
2024-08-22 12:00:00,INWARD TRANSFER,5000,0,94825000,1234567890
2024-08-22 18:00:00,BANK CHARGE COMMISSION,50000,0,94775000,1234567890
2024-08-23 00:00:00,BANK CHARGE COMMISSION,50000,0,94725000,1234567890
2024-08-23 06:00:00,TRANSFER TO JOHN DOE,15000,0,94710000,1234567890
2024-08-23 12:00:00,SALARY PAYMENT,184000,0,94526000,1234567890
2024-08-23 18:00:00,INWARD TRANSFER,184000,0,94342000,1234567890
2024-08-24 00:00:00,SALARY PAYMENT,15000,0,94327000,1234567890
2024-08-24 06:00:00,ATM WITHDRAWAL,184000,0,94143000,1234567890
2024-08-24 12:00:00,POS PURCHASE VENDOR X,5000,0,94138000,1234567890
2024-08-24 18:00:00,TRANSFER TO JOHN DOE,0,2400000,96538000,1234567890
2024-08-25 00:00:00,ATM WITHDRAWAL,50000,0,96488000,1234567890
2024-08-25 06:00:00,BANK CHARGE COMMISSION,50000,0,96438000,1234567890
2024-08-25 12:00:00,POS PURCHASE VENDOR X,50000,0,96388000,1234567890
2024-08-25 18:00:00,BANK CHARGE COMMISSION,0,0,96388000,1234567890
2024-08-26 00:00:00,INWARD TRANSFER,5000,0,96383000,1234567890
2024-08-26 06:00:00,SALARY PAYMENT,15000,0,96368000,1234567890
2024-08-26 12:00:00,ATM WITHDRAWAL,184000,0,96184000,1234567890
2024-08-26 18:00:00,SALARY PAYMENT,184000,0,96000000,1234567890
2024-08-27 00:00:00,POS PURCHASE VENDOR X,0,2400000,98400000,1234567890
2024-08-27 06:00:00,POS PURCHASE VENDOR X,50000,0,98350000,1234567890
2024-08-27 12:00:00,BANK CHARGE COMMISSION,184000,0,98166000,1234567890
2024-08-27 18:00:00,SALARY PAYMENT,15000,0,98151000,1234567890
2024-08-28 00:00:00,TRANSFER TO JOHN DOE,184000,0,97967000,1234567890
2024-08-28 06:00:00,ATM WITHDRAWAL,50000,0,97917000,1234567890
2024-08-28 12:00:00,POS PURCHASE VENDOR X,15000,0,97902000,1234567890
2024-08-28 18:00:00,POS PURCHASE VENDOR X,50000,0,97852000,1234567890
2024-08-29 00:00:00,SALARY PAYMENT,50000,0,97802000,1234567890
2024-08-29 06:00:00,INWARD TRANSFER,0,100000,97902000,1234567890
2024-08-29 12:00:00,ATM WITHDRAWAL,50000,0,97852000,1234567890
2024-08-29 18:00:00,ATM WITHDRAWAL,15000,0,97837000,1234567890
2024-08-30 00:00:00,POS PURCHASE VENDOR X,0,100000,97937000,1234567890
2024-08-30 06:00:00,SALARY PAYMENT,0,2400000,100337000,1234567890
2024-08-30 12:00:00,ATM WITHDRAWAL,15000,0,100322000,1234567890
2024-08-30 18:00:00,ATM WITHDRAWAL,0,100000,100422000,1234567890
2024-08-31 00:00:00,POS PURCHASE VENDOR X,15000,0,100407000,1234567890
2024-08-31 06:00:00,POS PURCHASE VENDOR X,184000,0,100223000,1234567890
2024-08-31 12:00:00,BANK CHARGE COMMISSION,0,100000,100323000,1234567890
2024-08-31 18:00:00,SALARY PAYMENT,184000,0,100139000,1234567890
2024-09-01 00:00:00,BANK CHARGE COMMISSION,0,2400000,102539000,1234567890
2024-09-01 06:00:00,SALARY PAYMENT,50000,0,102489000,1234567890
2024-09-01 12:00:00,BANK CHARGE COMMISSION,15000,0,102474000,1234567890
2024-09-01 18:00:00,BANK CHARGE COMMISSION,50000,0,102424000,1234567890
2024-09-02 00:00:00,ATM WITHDRAWAL,184000,0,102240000,1234567890
2024-09-02 06:00:00,INWARD TRANSFER,15000,0,102225000,1234567890
2024-09-02 12:00:00,POS PURCHASE VENDOR X,15000,0,102210000,1234567890
2024-09-02 18:00:00,POS PURCHASE VENDOR X,184000,0,102026000,1234567890
2024-09-03 00:00:00,TRANSFER TO JOHN DOE,15000,0,102011000,1234567890
2024-09-03 06:00:00,INWARD TRANSFER,15000,0,101996000,1234567890
2024-09-03 12:00:00,SALARY PAYMENT,0,100000,102096000,1234567890
2024-09-03 18:00:00,INWARD TRANSFER,5000,0,102091000,1234567890
2024-09-04 00:00:00,POS PURCHASE VENDOR X,50000,0,102041000,1234567890
2024-09-04 06:00:00,INWARD TRANSFER,5000,0,102036000,1234567890
2024-09-04 12:00:00,SALARY PAYMENT,15000,0,102021000,1234567890
2024-09-04 18:00:00,TRANSFER TO JOHN DOE,5000,0,102016000,1234567890
2024-09-05 00:00:00,ATM WITHDRAWAL,0,2400000,104416000,1234567890
2024-09-05 06:00:00,SALARY PAYMENT,184000,0,104232000,1234567890
2024-09-05 12:00:00,BANK CHARGE COMMISSION,184000,0,104048000,1234567890
2024-09-05 18:00:00,TRANSFER TO JOHN DOE,5000,0,104043000,1234567890
2024-09-06 00:00:00,SALARY PAYMENT,0,0,104043000,1234567890
2024-09-06 06:00:00,SALARY PAYMENT,184000,0,103859000,1234567890
2024-09-06 12:00:00,BANK CHARGE COMMISSION,5000,0,103854000,1234567890
2024-09-06 18:00:00,POS PURCHASE VENDOR X,5000,0,103849000,1234567890
2024-09-07 00:00:00,ATM WITHDRAWAL,50000,0,103799000,1234567890
2024-09-07 06:00:00,TRANSFER TO JOHN DOE,0,0,103799000,1234567890
2024-09-07 12:00:00,INWARD TRANSFER,50000,0,103749000,1234567890
2024-09-07 18:00:00,ATM WITHDRAWAL,5000,0,103744000,1234567890
2024-09-08 00:00:00,TRANSFER TO JOHN DOE,50000,0,103694000,1234567890
2024-09-08 06:00:00,ATM WITHDRAWAL,50000,0,103644000,1234567890
2024-09-08 12:00:00,POS PURCHASE VENDOR X,5000,0,103639000,1234567890
2024-09-08 18:00:00,INWARD TRANSFER,184000,0,103455000,1234567890
2024-09-09 00:00:00,BANK CHARGE COMMISSION,15000,0,103440000,1234567890
2024-09-09 06:00:00,BANK CHARGE COMMISSION,184000,0,103256000,1234567890
2024-09-09 12:00:00,SALARY PAYMENT,0,100000,103356000,1234567890
2024-09-09 18:00:00,BANK CHARGE COMMISSION,184000,0,103172000,1234567890
2024-09-10 00:00:00,SALARY PAYMENT,5000,0,103167000,1234567890
2024-09-10 06:00:00,TRANSFER TO JOHN DOE,50000,0,103117000,1234567890
2024-09-10 12:00:00,ATM WITHDRAWAL,0,100000,103217000,1234567890
2024-09-10 18:00:00,INWARD TRANSFER,0,2400000,105617000,1234567890
2024-09-11 00:00:00,INWARD TRANSFER,0,2400000,108017000,1234567890
2024-09-11 06:00:00,SALARY PAYMENT,50000,0,107967000,1234567890
2024-09-11 12:00:00,TRANSFER TO JOHN DOE,184000,0,107783000,1234567890
2024-09-11 18:00:00,INWARD TRANSFER,50000,0,107733000,1234567890
2024-09-12 00:00:00,INWARD TRANSFER,15000,0,107718000,1234567890
2024-09-12 06:00:00,ATM WITHDRAWAL,0,100000,107818000,1234567890
2024-09-12 12:00:00,ATM WITHDRAWAL,5000,0,107813000,1234567890
2024-09-12 18:00:00,SALARY PAYMENT,50000,0,107763000,1234567890
2024-09-13 00:00:00,ATM WITHDRAWAL,0,2400000,110163000,1234567890
2024-09-13 06:00:00,TRANSFER TO JOHN DOE,50000,0,110113000,1234567890
2024-09-13 12:00:00,SALARY PAYMENT,50000,0,110063000,1234567890
2024-09-13 18:00:00,TRANSFER TO JOHN DOE,184000,0,109879000,1234567890
2024-09-14 00:00:00,TRANSFER TO JOHN DOE,50000,0,109829000,1234567890
2024-09-14 06:00:00,INWARD TRANSFER,5000,0,109824000,1234567890
2024-09-14 12:00:00,BANK CHARGE COMMISSION,15000,0,109809000,1234567890
2024-09-14 18:00:00,INWARD TRANSFER,15000,0,109794000,1234567890
2024-09-15 00:00:00,ATM WITHDRAWAL,50000,0,109744000,1234567890
2024-09-15 06:00:00,BANK CHARGE COMMISSION,50000,0,109694000,1234567890
2024-09-15 12:00:00,POS PURCHASE VENDOR X,50000,0,109644000,1234567890
2024-09-15 18:00:00,BANK CHARGE COMMISSION,15000,0,109629000,1234567890
2024-09-16 00:00:00,ATM WITHDRAWAL,50000,0,109579000,1234567890
2024-09-16 06:00:00,ATM WITHDRAWAL,184000,0,109395000,1234567890
2024-09-16 12:00:00,ATM WITHDRAWAL,50000,0,109345000,1234567890
2024-09-16 18:00:00,SALARY PAYMENT,5000,0,109340000,1234567890
2024-09-17 00:00:00,ATM WITHDRAWAL,5000,0,109335000,1234567890
2024-09-17 06:00:00,POS PURCHASE VENDOR X,15000,0,109320000,1234567890
2024-09-17 12:00:00,SALARY PAYMENT,5000,0,109315000,1234567890
2024-09-17 18:00:00,BANK CHARGE COMMISSION,15000,0,109300000,1234567890
2024-09-18 00:00:00,POS PURCHASE VENDOR X,5000,0,109295000,1234567890
2024-09-18 06:00:00,INWARD TRANSFER,15000,0,109280000,1234567890
2024-09-18 12:00:00,BANK CHARGE COMMISSION,0,0,109280000,1234567890
2024-09-18 18:00:00,INWARD TRANSFER,5000,0,109275000,1234567890
2024-09-19 00:00:00,INWARD TRANSFER,50000,0,109225000,1234567890
2024-09-19 06:00:00,SALARY PAYMENT,15000,0,109210000,1234567890
2024-09-19 12:00:00,INWARD TRANSFER,15000,0,109195000,1234567890
2024-09-19 18:00:00,SALARY PAYMENT,184000,0,109011000,1234567890
2024-09-20 00:00:00,ATM WITHDRAWAL,0,2400000,111411000,1234567890
2024-09-20 06:00:00,BANK CHARGE COMMISSION,0,100000,111511000,1234567890
2024-09-20 12:00:00,TRANSFER TO JOHN DOE,50000,0,111461000,1234567890
2024-09-20 18:00:00,BANK CHARGE COMMISSION,15000,0,111446000,1234567890
2024-09-21 00:00:00,ATM WITHDRAWAL,0,100000,111546000,1234567890
2024-09-21 06:00:00,BANK CHARGE COMMISSION,0,100000,111646000,1234567890
2024-09-21 12:00:00,SALARY PAYMENT,184000,0,111462000,1234567890
2024-09-21 18:00:00,ATM WITHDRAWAL,50000,0,111412000,1234567890
2024-09-22 00:00:00,BANK CHARGE COMMISSION,50000,0,111362000,1234567890
2024-09-22 06:00:00,BANK CHARGE COMMISSION,0,0,111362000,1234567890
2024-09-22 12:00:00,SALARY PAYMENT,5000,0,111357000,1234567890
2024-09-22 18:00:00,INWARD TRANSFER,184000,0,111173000,1234567890
2024-09-23 00:00:00,POS PURCHASE VENDOR X,5000,0,111168000,1234567890
2024-09-23 06:00:00,BANK CHARGE COMMISSION,184000,0,110984000,1234567890
2024-09-23 12:00:00,TRANSFER TO JOHN DOE,5000,0,110979000,1234567890
2024-09-23 18:00:00,POS PURCHASE VENDOR X,50000,0,110929000,1234567890
2024-09-24 00:00:00,TRANSFER TO JOHN DOE,15000,0,110914000,1234567890
2024-09-24 06:00:00,SALARY PAYMENT,50000,0,110864000,1234567890
2024-09-24 12:00:00,BANK CHARGE COMMISSION,0,100000,110964000,1234567890
2024-09-24 18:00:00,ATM WITHDRAWAL,5000,0,110959000,1234567890
2024-09-25 00:00:00,SALARY PAYMENT,0,2400000,113359000,1234567890
2024-09-25 06:00:00,BANK CHARGE COMMISSION,50000,0,113309000,1234567890
2024-09-25 12:00:00,INWARD TRANSFER,5000,0,113304000,1234567890
2024-09-25 18:00:00,ATM WITHDRAWAL,184000,0,113120000,1234567890
2024-09-26 00:00:00,TRANSFER TO JOHN DOE,15000,0,113105000,1234567890
2024-09-26 06:00:00,BANK CHARGE COMMISSION,50000,0,113055000,1234567890
2024-09-26 12:00:00,SALARY PAYMENT,50000,0,113005000,1234567890
2024-09-26 18:00:00,SALARY PAYMENT,15000,0,112990000,1234567890
2024-09-27 00:00:00,BANK CHARGE COMMISSION,50000,0,112940000,1234567890
2024-09-27 06:00:00,ATM WITHDRAWAL,5000,0,112935000,1234567890
2024-09-27 12:00:00,BANK CHARGE COMMISSION,5000,0,112930000,1234567890
2024-09-27 18:00:00,POS PURCHASE VENDOR X,50000,0,112880000,1234567890
2024-09-28 00:00:00,TRANSFER TO JOHN DOE,5000,0,112875000,1234567890
2024-09-28 06:00:00,BANK CHARGE COMMISSION,50000,0,112825000,1234567890
2024-09-28 12:00:00,BANK CHARGE COMMISSION,50000,0,112775000,1234567890
2024-09-28 18:00:00,ATM WITHDRAWAL,184000,0,112591000,1234567890
2024-09-29 00:00:00,INWARD TRANSFER,15000,0,112576000,1234567890
2024-09-29 06:00:00,SALARY PAYMENT,5000,0,112571000,1234567890
2024-09-29 12:00:00,TRANSFER TO JOHN DOE,15000,0,112556000,1234567890
2024-09-29 18:00:00,POS PURCHASE VENDOR X,184000,0,112372000,1234567890
2024-09-30 00:00:00,SALARY PAYMENT,0,2400000,114772000,1234567890
2024-09-30 06:00:00,POS PURCHASE VENDOR X,50000,0,114722000,1234567890
2024-09-30 12:00:00,ATM WITHDRAWAL,5000,0,114717000,1234567890
2024-09-30 18:00:00,POS PURCHASE VENDOR X,0,100000,114817000,1234567890
2024-10-01 00:00:00,INWARD TRANSFER,0,0,114817000,1234567890
2024-10-01 06:00:00,BANK CHARGE COMMISSION,5000,0,114812000,1234567890
2024-10-01 12:00:00,TRANSFER TO JOHN DOE,0,100000,114912000,1234567890
2024-10-01 18:00:00,SALARY PAYMENT,50000,0,114862000,1234567890
2024-10-02 00:00:00,BANK CHARGE COMMISSION,50000,0,114812000,1234567890
2024-10-02 06:00:00,ATM WITHDRAWAL,50000,0,114762000,1234567890
2024-10-02 12:00:00,BANK CHARGE COMMISSION,184000,0,114578000,1234567890
2024-10-02 18:00:00,INWARD TRANSFER,0,100000,114678000,1234567890
2024-10-03 00:00:00,POS PURCHASE VENDOR X,50000,0,114628000,1234567890
2024-10-03 06:00:00,SALARY PAYMENT,184000,0,114444000,1234567890
2024-10-03 12:00:00,TRANSFER TO JOHN DOE,50000,0,114394000,1234567890
2024-10-03 18:00:00,INWARD TRANSFER,50000,0,114344000,1234567890
2024-10-04 00:00:00,SALARY PAYMENT,5000,0,114339000,1234567890
2024-10-04 06:00:00,ATM WITHDRAWAL,50000,0,114289000,1234567890
2024-10-04 12:00:00,TRANSFER TO JOHN DOE,50000,0,114239000,1234567890
2024-10-04 18:00:00,BANK CHARGE COMMISSION,50000,0,114189000,1234567890
2024-10-05 00:00:00,ATM WITHDRAWAL,50000,0,114139000,1234567890
2024-10-05 06:00:00,BANK CHARGE COMMISSION,50000,0,114089000,1234567890
2024-10-05 12:00:00,INWARD TRANSFER,15000,0,114074000,1234567890
2024-10-05 18:00:00,SALARY PAYMENT,15000,0,114059000,1234567890
2024-10-06 00:00:00,INWARD TRANSFER,184000,0,113875000,1234567890
2024-10-06 06:00:00,ATM WITHDRAWAL,184000,0,113691000,1234567890
2024-10-06 12:00:00,POS PURCHASE VENDOR X,184000,0,113507000,1234567890
2024-10-06 18:00:00,ATM WITHDRAWAL,15000,0,113492000,1234567890
2024-10-07 00:00:00,POS PURCHASE VENDOR X,184000,0,113308000,1234567890
2024-10-07 06:00:00,ATM WITHDRAWAL,5000,0,113303000,1234567890
2024-10-07 12:00:00,ATM WITHDRAWAL,0,2400000,115703000,1234567890
2024-10-07 18:00:00,TRANSFER TO JOHN DOE,5000,0,115698000,1234567890
2024-10-08 00:00:00,POS PURCHASE VENDOR X,0,0,115698000,1234567890
2024-10-08 06:00:00,POS PURCHASE VENDOR X,0,0,115698000,1234567890
2024-10-08 12:00:00,SALARY PAYMENT,50000,0,115648000,1234567890
2024-10-08 18:00:00,INWARD TRANSFER,184000,0,115464000,1234567890
2024-10-09 00:00:00,BANK CHARGE COMMISSION,0,100000,115564000,1234567890
2024-10-09 06:00:00,INWARD TRANSFER,50000,0,115514000,1234567890
2024-10-09 12:00:00,POS PURCHASE VENDOR X,5000,0,115509000,1234567890
2024-10-09 18:00:00,TRANSFER TO JOHN DOE,50000,0,115459000,1234567890
2024-10-10 00:00:00,POS PURCHASE VENDOR X,0,0,115459000,1234567890
2024-10-10 06:00:00,SALARY PAYMENT,50000,0,115409000,1234567890
2024-10-10 12:00:00,BANK CHARGE COMMISSION,50000,0,115359000,1234567890
2024-10-10 18:00:00,BANK CHARGE COMMISSION,5000,0,115354000,1234567890
2024-10-11 00:00:00,ATM WITHDRAWAL,5000,0,115349000,1234567890
2024-10-11 06:00:00,TRANSFER TO JOHN DOE,0,2400000,117749000,1234567890
2024-10-11 12:00:00,SALARY PAYMENT,50000,0,117699000,1234567890
2024-10-11 18:00:00,INWARD TRANSFER,15000,0,117684000,1234567890
2024-10-12 00:00:00,TRANSFER TO JOHN DOE,50000,0,117634000,1234567890
2024-10-12 06:00:00,ATM WITHDRAWAL,0,2400000,120034000,1234567890
2024-10-12 12:00:00,POS PURCHASE VENDOR X,15000,0,120019000,1234567890
2024-10-12 18:00:00,SALARY PAYMENT,50000,0,119969000,1234567890
2024-10-13 00:00:00,BANK CHARGE COMMISSION,5000,0,119964000,1234567890
2024-10-13 06:00:00,POS PURCHASE VENDOR X,0,100000,120064000,1234567890
2024-10-13 12:00:00,POS PURCHASE VENDOR X,50000,0,120014000,1234567890
2024-10-13 18:00:00,ATM WITHDRAWAL,5000,0,120009000,1234567890
2024-10-14 00:00:00,INWARD TRANSFER,0,2400000,122409000,1234567890
2024-10-14 06:00:00,POS PURCHASE VENDOR X,15000,0,122394000,1234567890
2024-10-14 12:00:00,BANK CHARGE COMMISSION,15000,0,122379000,1234567890
2024-10-14 18:00:00,BANK CHARGE COMMISSION,0,2400000,124779000,1234567890
2024-10-15 00:00:00,INWARD TRANSFER,5000,0,124774000,1234567890
2024-10-15 06:00:00,INWARD TRANSFER,15000,0,124759000,1234567890
2024-10-15 12:00:00,ATM WITHDRAWAL,0,0,124759000,1234567890
2024-10-15 18:00:00,TRANSFER TO JOHN DOE,50000,0,124709000,1234567890
2024-10-16 00:00:00,BANK CHARGE COMMISSION,0,100000,124809000,1234567890
2024-10-16 06:00:00,POS PURCHASE VENDOR X,0,0,124809000,1234567890
2024-10-16 12:00:00,ATM WITHDRAWAL,0,0,124809000,1234567890
2024-10-16 18:00:00,INWARD TRANSFER,5000,0,124804000,1234567890
2024-10-17 00:00:00,POS PURCHASE VENDOR X,184000,0,124620000,1234567890
2024-10-17 06:00:00,TRANSFER TO JOHN DOE,50000,0,124570000,1234567890
2024-10-17 12:00:00,SALARY PAYMENT,5000,0,124565000,1234567890
2024-10-17 18:00:00,INWARD TRANSFER,0,0,124565000,1234567890
2024-10-18 00:00:00,TRANSFER TO JOHN DOE,50000,0,124515000,1234567890
2024-10-18 06:00:00,TRANSFER TO JOHN DOE,5000,0,124510000,1234567890
2024-10-18 12:00:00,BANK CHARGE COMMISSION,15000,0,124495000,1234567890
2024-10-18 18:00:00,SALARY PAYMENT,50000,0,124445000,1234567890
2024-10-19 00:00:00,BANK CHARGE COMMISSION,184000,0,124261000,1234567890
2024-10-19 06:00:00,TRANSFER TO JOHN DOE,184000,0,124077000,1234567890
2024-10-19 12:00:00,SALARY PAYMENT,50000,0,124027000,1234567890
2024-10-19 18:00:00,BANK CHARGE COMMISSION,50000,0,123977000,1234567890
2024-10-20 00:00:00,SALARY PAYMENT,0,2400000,126377000,1234567890
2024-10-20 06:00:00,SALARY PAYMENT,0,0,126377000,1234567890
2024-10-20 12:00:00,INWARD TRANSFER,0,2400000,128777000,1234567890
2024-10-20 18:00:00,TRANSFER TO JOHN DOE,50000,0,128727000,1234567890
2024-10-21 00:00:00,TRANSFER TO JOHN DOE,184000,0,128543000,1234567890
2024-10-21 06:00:00,ATM WITHDRAWAL,15000,0,128528000,1234567890
2024-10-21 12:00:00,ATM WITHDRAWAL,184000,0,128344000,1234567890
2024-10-21 18:00:00,ATM WITHDRAWAL,0,2400000,130744000,1234567890
2024-10-22 00:00:00,ATM WITHDRAWAL,5000,0,130739000,1234567890
2024-10-22 06:00:00,POS PURCHASE VENDOR X,184000,0,130555000,1234567890
2024-10-22 12:00:00,ATM WITHDRAWAL,0,0,130555000,1234567890
2024-10-22 18:00:00,INWARD TRANSFER,50000,0,130505000,1234567890
2024-10-23 00:00:00,POS PURCHASE VENDOR X,15000,0,130490000,1234567890
2024-10-23 06:00:00,INWARD TRANSFER,5000,0,130485000,1234567890
2024-10-23 12:00:00,ATM WITHDRAWAL,184000,0,130301000,1234567890
2024-10-23 18:00:00,TRANSFER TO JOHN DOE,0,2400000,132701000,1234567890
2024-10-24 00:00:00,POS PURCHASE VENDOR X,184000,0,132517000,1234567890
2024-10-24 06:00:00,TRANSFER TO JOHN DOE,15000,0,132502000,1234567890
2024-10-24 12:00:00,INWARD TRANSFER,5000,0,132497000,1234567890
2024-10-24 18:00:00,INWARD TRANSFER,184000,0,132313000,1234567890
2024-10-25 00:00:00,POS PURCHASE VENDOR X,15000,0,132298000,1234567890
2024-10-25 06:00:00,SALARY PAYMENT,5000,0,132293000,1234567890
2024-10-25 12:00:00,INWARD TRANSFER,184000,0,132109000,1234567890
2024-10-25 18:00:00,SALARY PAYMENT,0,100000,132209000,1234567890
2024-10-26 00:00:00,POS PURCHASE VENDOR X,15000,0,132194000,1234567890
2024-10-26 06:00:00,INWARD TRANSFER,0,2400000,134594000,1234567890
2024-10-26 12:00:00,TRANSFER TO JOHN DOE,15000,0,134579000,1234567890
2024-10-26 18:00:00,BANK CHARGE COMMISSION,0,2400000,136979000,1234567890
2024-10-27 00:00:00,ATM WITHDRAWAL,0,100000,137079000,1234567890
2024-10-27 06:00:00,ATM WITHDRAWAL,184000,0,136895000,1234567890
2024-10-27 12:00:00,BANK CHARGE COMMISSION,184000,0,136711000,1234567890
2024-10-27 18:00:00,BANK CHARGE COMMISSION,0,0,136711000,1234567890
2024-10-28 00:00:00,POS PURCHASE VENDOR X,15000,0,136696000,1234567890
2024-10-28 06:00:00,INWARD TRANSFER,184000,0,136512000,1234567890
2024-10-28 12:00:00,TRANSFER TO JOHN DOE,184000,0,136328000,1234567890
2024-10-28 18:00:00,ATM WITHDRAWAL,0,100000,136428000,1234567890
2024-10-29 00:00:00,BANK CHARGE COMMISSION,15000,0,136413000,1234567890
2024-10-29 06:00:00,SALARY PAYMENT,0,0,136413000,1234567890
2024-10-29 12:00:00,SALARY PAYMENT,50000,0,136363000,1234567890
2024-10-29 18:00:00,BANK CHARGE COMMISSION,0,0,136363000,1234567890
2024-10-30 00:00:00,BANK CHARGE COMMISSION,15000,0,136348000,1234567890
2024-10-30 06:00:00,INWARD TRANSFER,184000,0,136164000,1234567890
2024-10-30 12:00:00,SALARY PAYMENT,184000,0,135980000,1234567890
2024-10-30 18:00:00,TRANSFER TO JOHN DOE,5000,0,135975000,1234567890
2024-10-31 00:00:00,BANK CHARGE COMMISSION,0,2400000,138375000,1234567890
2024-10-31 06:00:00,TRANSFER TO JOHN DOE,184000,0,138191000,1234567890
2024-10-31 12:00:00,ATM WITHDRAWAL,50000,0,138141000,1234567890
2024-10-31 18:00:00,POS PURCHASE VENDOR X,184000,0,137957000,1234567890
2024-11-01 00:00:00,POS PURCHASE VENDOR X,50000,0,137907000,1234567890
2024-11-01 06:00:00,ATM WITHDRAWAL,184000,0,137723000,1234567890
2024-11-01 12:00:00,POS PURCHASE VENDOR X,184000,0,137539000,1234567890
2024-11-01 18:00:00,BANK CHARGE COMMISSION,15000,0,137524000,1234567890
2024-11-02 00:00:00,SALARY PAYMENT,184000,0,137340000,1234567890
2024-11-02 06:00:00,INWARD TRANSFER,50000,0,137290000,1234567890
2024-11-02 12:00:00,POS PURCHASE VENDOR X,15000,0,137275000,1234567890
2024-11-02 18:00:00,ATM WITHDRAWAL,184000,0,137091000,1234567890
2024-11-03 00:00:00,INWARD TRANSFER,15000,0,137076000,1234567890
2024-11-03 06:00:00,ATM WITHDRAWAL,184000,0,136892000,1234567890
2024-11-03 12:00:00,BANK CHARGE COMMISSION,5000,0,136887000,1234567890
2024-11-03 18:00:00,ATM WITHDRAWAL,15000,0,136872000,1234567890
2024-11-04 00:00:00,SALARY PAYMENT,50000,0,136822000,1234567890
2024-11-04 06:00:00,BANK CHARGE COMMISSION,5000,0,136817000,1234567890
2024-11-04 12:00:00,POS PURCHASE VENDOR X,184000,0,136633000,1234567890
2024-11-04 18:00:00,INWARD TRANSFER,184000,0,136449000,1234567890
2024-11-05 00:00:00,TRANSFER TO JOHN DOE,5000,0,136444000,1234567890
2024-11-05 06:00:00,SALARY PAYMENT,0,0,136444000,1234567890
2024-11-05 12:00:00,INWARD TRANSFER,5000,0,136439000,1234567890
2024-11-05 18:00:00,TRANSFER TO JOHN DOE,50000,0,136389000,1234567890
2024-11-06 00:00:00,POS PURCHASE VENDOR X,184000,0,136205000,1234567890
2024-11-06 06:00:00,ATM WITHDRAWAL,15000,0,136190000,1234567890
2024-11-06 12:00:00,SALARY PAYMENT,0,2400000,138590000,1234567890
2024-11-06 18:00:00,SALARY PAYMENT,15000,0,138575000,1234567890
2024-11-07 00:00:00,BANK CHARGE COMMISSION,5000,0,138570000,1234567890
2024-11-07 06:00:00,BANK CHARGE COMMISSION,184000,0,138386000,1234567890
2024-11-07 12:00:00,BANK CHARGE COMMISSION,50000,0,138336000,1234567890
2024-11-07 18:00:00,POS PURCHASE VENDOR X,5000,0,138331000,1234567890
2024-11-08 00:00:00,POS PURCHASE VENDOR X,5000,0,138326000,1234567890
2024-11-08 06:00:00,SALARY PAYMENT,15000,0,138311000,1234567890
2024-11-08 12:00:00,TRANSFER TO JOHN DOE,15000,0,138296000,1234567890
2024-11-08 18:00:00,INWARD TRANSFER,184000,0,138112000,1234567890
2024-11-09 00:00:00,INWARD TRANSFER,15000,0,138097000,1234567890
2024-11-09 06:00:00,ATM WITHDRAWAL,0,0,138097000,1234567890
2024-11-09 12:00:00,TRANSFER TO JOHN DOE,184000,0,137913000,1234567890
2024-11-09 18:00:00,POS PURCHASE VENDOR X,50000,0,137863000,1234567890
2024-11-10 00:00:00,POS PURCHASE VENDOR X,0,0,137863000,1234567890
2024-11-10 06:00:00,BANK CHARGE COMMISSION,5000,0,137858000,1234567890
2024-11-10 12:00:00,TRANSFER TO JOHN DOE,15000,0,137843000,1234567890
2024-11-10 18:00:00,TRANSFER TO JOHN DOE,50000,0,137793000,1234567890
2024-11-11 00:00:00,POS PURCHASE VENDOR X,184000,0,137609000,1234567890
2024-11-11 06:00:00,TRANSFER TO JOHN DOE,15000,0,137594000,1234567890
2024-11-11 12:00:00,BANK CHARGE COMMISSION,0,0,137594000,1234567890
2024-11-11 18:00:00,BANK CHARGE COMMISSION,5000,0,137589000,1234567890
2024-11-12 00:00:00,SALARY PAYMENT,5000,0,137584000,1234567890
2024-11-12 06:00:00,POS PURCHASE VENDOR X,15000,0,137569000,1234567890
2024-11-12 12:00:00,POS PURCHASE VENDOR X,184000,0,137385000,1234567890
2024-11-12 18:00:00,TRANSFER TO JOHN DOE,184000,0,137201000,1234567890
2024-11-13 00:00:00,SALARY PAYMENT,15000,0,137186000,1234567890
2024-11-13 06:00:00,TRANSFER TO JOHN DOE,15000,0,137171000,1234567890
2024-11-13 12:00:00,SALARY PAYMENT,15000,0,137156000,1234567890
2024-11-13 18:00:00,SALARY PAYMENT,50000,0,137106000,1234567890
2024-11-14 00:00:00,SALARY PAYMENT,15000,0,137091000,1234567890
2024-11-14 06:00:00,INWARD TRANSFER,50000,0,137041000,1234567890
2024-11-14 12:00:00,TRANSFER TO JOHN DOE,0,0,137041000,1234567890
2024-11-14 18:00:00,TRANSFER TO JOHN DOE,15000,0,137026000,1234567890
2024-11-15 00:00:00,ATM WITHDRAWAL,15000,0,137011000,1234567890
2024-11-15 06:00:00,SALARY PAYMENT,184000,0,136827000,1234567890
2024-11-15 12:00:00,POS PURCHASE VENDOR X,15000,0,136812000,1234567890
2024-11-15 18:00:00,TRANSFER TO JOHN DOE,50000,0,136762000,1234567890
2024-11-16 00:00:00,ATM WITHDRAWAL,50000,0,136712000,1234567890
2024-11-16 06:00:00,TRANSFER TO JOHN DOE,15000,0,136697000,1234567890
2024-11-16 12:00:00,POS PURCHASE VENDOR X,50000,0,136647000,1234567890
2024-11-16 18:00:00,INWARD TRANSFER,15000,0,136632000,1234567890
2024-11-17 00:00:00,SALARY PAYMENT,0,100000,136732000,1234567890
2024-11-17 06:00:00,SALARY PAYMENT,50000,0,136682000,1234567890
2024-11-17 12:00:00,BANK CHARGE COMMISSION,50000,0,136632000,1234567890
2024-11-17 18:00:00,POS PURCHASE VENDOR X,50000,0,136582000,1234567890
2024-11-18 00:00:00,POS PURCHASE VENDOR X,50000,0,136532000,1234567890
2024-11-18 06:00:00,ATM WITHDRAWAL,15000,0,136517000,1234567890
2024-11-18 12:00:00,ATM WITHDRAWAL,15000,0,136502000,1234567890
2024-11-18 18:00:00,ATM WITHDRAWAL,0,0,136502000,1234567890
2024-11-19 00:00:00,INWARD TRANSFER,15000,0,136487000,1234567890
2024-11-19 06:00:00,ATM WITHDRAWAL,50000,0,136437000,1234567890
2024-11-19 12:00:00,POS PURCHASE VENDOR X,0,0,136437000,1234567890
2024-11-19 18:00:00,ATM WITHDRAWAL,5000,0,136432000,1234567890
2024-11-20 00:00:00,TRANSFER TO JOHN DOE,184000,0,136248000,1234567890
2024-11-20 06:00:00,TRANSFER TO JOHN DOE,0,100000,136348000,1234567890
2024-11-20 12:00:00,BANK CHARGE COMMISSION,184000,0,136164000,1234567890
2024-11-20 18:00:00,TRANSFER TO JOHN DOE,50000,0,136114000,1234567890
2024-11-21 00:00:00,BANK CHARGE COMMISSION,5000,0,136109000,1234567890
2024-11-21 06:00:00,TRANSFER TO JOHN DOE,184000,0,135925000,1234567890
2024-11-21 12:00:00,INWARD TRANSFER,0,100000,136025000,1234567890
2024-11-21 18:00:00,BANK CHARGE COMMISSION,15000,0,136010000,1234567890
2024-11-22 00:00:00,TRANSFER TO JOHN DOE,184000,0,135826000,1234567890
2024-11-22 06:00:00,BANK CHARGE COMMISSION,15000,0,135811000,1234567890
2024-11-22 12:00:00,SALARY PAYMENT,184000,0,135627000,1234567890
2024-11-22 18:00:00,BANK CHARGE COMMISSION,50000,0,135577000,1234567890
2024-11-23 00:00:00,TRANSFER TO JOHN DOE,15000,0,135562000,1234567890
2024-11-23 06:00:00,POS PURCHASE VENDOR X,5000,0,135557000,1234567890
2024-11-23 12:00:00,ATM WITHDRAWAL,0,0,135557000,1234567890
2024-11-23 18:00:00,BANK CHARGE COMMISSION,5000,0,135552000,1234567890
2024-11-24 00:00:00,SALARY PAYMENT,184000,0,135368000,1234567890
2024-11-24 06:00:00,BANK CHARGE COMMISSION,184000,0,135184000,1234567890
2024-11-24 12:00:00,BANK CHARGE COMMISSION,5000,0,135179000,1234567890
2024-11-24 18:00:00,ATM WITHDRAWAL,184000,0,134995000,1234567890
2024-11-25 00:00:00,SALARY PAYMENT,50000,0,134945000,1234567890
2024-11-25 06:00:00,BANK CHARGE COMMISSION,0,100000,135045000,1234567890
2024-11-25 12:00:00,BANK CHARGE COMMISSION,50000,0,134995000,1234567890
2024-11-25 18:00:00,TRANSFER TO JOHN DOE,15000,0,134980000,1234567890
2024-11-26 00:00:00,POS PURCHASE VENDOR X,0,100000,135080000,1234567890
2024-11-26 06:00:00,SALARY PAYMENT,0,2400000,137480000,1234567890
2024-11-26 12:00:00,INWARD TRANSFER,184000,0,137296000,1234567890
2024-11-26 18:00:00,INWARD TRANSFER,15000,0,137281000,1234567890
2024-11-27 00:00:00,SALARY PAYMENT,5000,0,137276000,1234567890
2024-11-27 06:00:00,ATM WITHDRAWAL,15000,0,137261000,1234567890
2024-11-27 12:00:00,SALARY PAYMENT,5000,0,137256000,1234567890
2024-11-27 18:00:00,SALARY PAYMENT,15000,0,137241000,1234567890
2024-11-28 00:00:00,INWARD TRANSFER,15000,0,137226000,1234567890
2024-11-28 06:00:00,POS PURCHASE VENDOR X,5000,0,137221000,1234567890
2024-11-28 12:00:00,INWARD TRANSFER,50000,0,137171000,1234567890
2024-11-28 18:00:00,POS PURCHASE VENDOR X,184000,0,136987000,1234567890
2024-11-29 00:00:00,POS PURCHASE VENDOR X,184000,0,136803000,1234567890
2024-11-29 06:00:00,TRANSFER TO JOHN DOE,184000,0,136619000,1234567890
2024-11-29 12:00:00,INWARD TRANSFER,5000,0,136614000,1234567890
2024-11-29 18:00:00,BANK CHARGE COMMISSION,184000,0,136430000,1234567890
2024-11-30 00:00:00,SALARY PAYMENT,0,0,136430000,1234567890
2024-11-30 06:00:00,ATM WITHDRAWAL,15000,0,136415000,1234567890
2024-11-30 12:00:00,BANK CHARGE COMMISSION,5000,0,136410000,1234567890
2024-11-30 18:00:00,INWARD TRANSFER,5000,0,136405000,1234567890
2024-12-01 00:00:00,INWARD TRANSFER,0,0,136405000,1234567890
2024-12-01 06:00:00,BANK CHARGE COMMISSION,15000,0,136390000,1234567890
2024-12-01 12:00:00,TRANSFER TO JOHN DOE,184000,0,136206000,1234567890
2024-12-01 18:00:00,INWARD TRANSFER,5000,0,136201000,1234567890
2024-12-02 00:00:00,TRANSFER TO JOHN DOE,5000,0,136196000,1234567890
2024-12-02 06:00:00,SALARY PAYMENT,5000,0,136191000,1234567890
2024-12-02 12:00:00,SALARY PAYMENT,5000,0,136186000,1234567890
2024-12-02 18:00:00,ATM WITHDRAWAL,5000,0,136181000,1234567890
2024-12-03 00:00:00,INWARD TRANSFER,5000,0,136176000,1234567890
2024-12-03 06:00:00,BANK CHARGE COMMISSION,0,2400000,138576000,1234567890
2024-12-03 12:00:00,TRANSFER TO JOHN DOE,5000,0,138571000,1234567890
2024-12-03 18:00:00,ATM WITHDRAWAL,50000,0,138521000,1234567890
2024-12-04 00:00:00,POS PURCHASE VENDOR X,15000,0,138506000,1234567890
2024-12-04 06:00:00,ATM WITHDRAWAL,15000,0,138491000,1234567890
2024-12-04 12:00:00,TRANSFER TO JOHN DOE,184000,0,138307000,1234567890
2024-12-04 18:00:00,INWARD TRANSFER,5000,0,138302000,1234567890
2024-12-05 00:00:00,INWARD TRANSFER,5000,0,138297000,1234567890
2024-12-05 06:00:00,POS PURCHASE VENDOR X,0,0,138297000,1234567890
2024-12-05 12:00:00,TRANSFER TO JOHN DOE,50000,0,138247000,1234567890
2024-12-05 18:00:00,INWARD TRANSFER,15000,0,138232000,1234567890
2024-12-06 00:00:00,INWARD TRANSFER,15000,0,138217000,1234567890
2024-12-06 06:00:00,TRANSFER TO JOHN DOE,184000,0,138033000,1234567890
2024-12-06 12:00:00,ATM WITHDRAWAL,5000,0,138028000,1234567890
2024-12-06 18:00:00,SALARY PAYMENT,0,0,138028000,1234567890
2024-12-07 00:00:00,BANK CHARGE COMMISSION,184000,0,137844000,1234567890
2024-12-07 06:00:00,ATM WITHDRAWAL,184000,0,137660000,1234567890
2024-12-07 12:00:00,TRANSFER TO JOHN DOE,184000,0,137476000,1234567890
2024-12-07 18:00:00,SALARY PAYMENT,0,0,137476000,1234567890
2024-12-08 00:00:00,ATM WITHDRAWAL,0,0,137476000,1234567890
2024-12-08 06:00:00,INWARD TRANSFER,5000,0,137471000,1234567890
2024-12-08 12:00:00,SALARY PAYMENT,0,0,137471000,1234567890
2024-12-08 18:00:00,SALARY PAYMENT,184000,0,137287000,1234567890
2024-12-09 00:00:00,TRANSFER TO JOHN DOE,5000,0,137282000,1234567890
2024-12-09 06:00:00,INWARD TRANSFER,184000,0,137098000,1234567890
2024-12-09 12:00:00,INWARD TRANSFER,184000,0,136914000,1234567890
2024-12-09 18:00:00,INWARD TRANSFER,15000,0,136899000,1234567890
2024-12-10 00:00:00,SALARY PAYMENT,0,0,136899000,1234567890
2024-12-10 06:00:00,ATM WITHDRAWAL,15000,0,136884000,1234567890
2024-12-10 12:00:00,BANK CHARGE COMMISSION,15000,0,136869000,1234567890
2024-12-10 18:00:00,POS PURCHASE VENDOR X,184000,0,136685000,1234567890
2024-12-11 00:00:00,BANK CHARGE COMMISSION,0,0,136685000,1234567890
2024-12-11 06:00:00,POS PURCHASE VENDOR X,184000,0,136501000,1234567890
2024-12-11 12:00:00,TRANSFER TO JOHN DOE,50000,0,136451000,1234567890
2024-12-11 18:00:00,BANK CHARGE COMMISSION,184000,0,136267000,1234567890
2024-12-12 00:00:00,SALARY PAYMENT,184000,0,136083000,1234567890
2024-12-12 06:00:00,POS PURCHASE VENDOR X,0,0,136083000,1234567890
2024-12-12 12:00:00,INWARD TRANSFER,184000,0,135899000,1234567890
2024-12-12 18:00:00,TRANSFER TO JOHN DOE,184000,0,135715000,1234567890
2024-12-13 00:00:00,BANK CHARGE COMMISSION,15000,0,135700000,1234567890
2024-12-13 06:00:00,ATM WITHDRAWAL,184000,0,135516000,1234567890
2024-12-13 12:00:00,TRANSFER TO JOHN DOE,0,0,135516000,1234567890
2024-12-13 18:00:00,INWARD TRANSFER,15000,0,135501000,1234567890
2024-12-14 00:00:00,INWARD TRANSFER,5000,0,135496000,1234567890
2024-12-14 06:00:00,SALARY PAYMENT,5000,0,135491000,1234567890
2024-12-14 12:00:00,INWARD TRANSFER,184000,0,135307000,1234567890
2024-12-14 18:00:00,POS PURCHASE VENDOR X,15000,0,135292000,1234567890
2024-12-15 00:00:00,BANK CHARGE COMMISSION,50000,0,135242000,1234567890
2024-12-15 06:00:00,TRANSFER TO JOHN DOE,5000,0,135237000,1234567890
2024-12-15 12:00:00,BANK CHARGE COMMISSION,15000,0,135222000,1234567890
2024-12-15 18:00:00,SALARY PAYMENT,5000,0,135217000,1234567890
2024-12-16 00:00:00,BANK CHARGE COMMISSION,15000,0,135202000,1234567890
2024-12-16 06:00:00,POS PURCHASE VENDOR X,184000,0,135018000,1234567890
2024-12-16 12:00:00,POS PURCHASE VENDOR X,15000,0,135003000,1234567890
2024-12-16 18:00:00,INWARD TRANSFER,15000,0,134988000,1234567890
2024-12-17 00:00:00,BANK CHARGE COMMISSION,0,0,134988000,1234567890
2024-12-17 06:00:00,SALARY PAYMENT,184000,0,134804000,1234567890
2024-12-17 12:00:00,POS PURCHASE VENDOR X,50000,0,134754000,1234567890
2024-12-17 18:00:00,SALARY PAYMENT,5000,0,134749000,1234567890
2024-12-18 00:00:00,INWARD TRANSFER,15000,0,134734000,1234567890
2024-12-18 06:00:00,TRANSFER TO JOHN DOE,15000,0,134719000,1234567890
2024-12-18 12:00:00,POS PURCHASE VENDOR X,184000,0,134535000,1234567890
2024-12-18 18:00:00,POS PURCHASE VENDOR X,0,2400000,136935000,1234567890
2024-12-19 00:00:00,TRANSFER TO JOHN DOE,5000,0,136930000,1234567890
2024-12-19 06:00:00,TRANSFER TO JOHN DOE,50000,0,136880000,1234567890
2024-12-19 12:00:00,POS PURCHASE VENDOR X,15000,0,136865000,1234567890
2024-12-19 18:00:00,TRANSFER TO JOHN DOE,0,100000,136965000,1234567890
2024-12-20 00:00:00,TRANSFER TO JOHN DOE,5000,0,136960000,1234567890
2024-12-20 06:00:00,INWARD TRANSFER,5000,0,136955000,1234567890
2024-12-20 12:00:00,POS PURCHASE VENDOR X,50000,0,136905000,1234567890
2024-12-20 18:00:00,TRANSFER TO JOHN DOE,184000,0,136721000,1234567890
2024-12-21 00:00:00,INWARD TRANSFER,5000,0,136716000,1234567890
2024-12-21 06:00:00,POS PURCHASE VENDOR X,5000,0,136711000,1234567890
2024-12-21 12:00:00,POS PURCHASE VENDOR X,50000,0,136661000,1234567890
2024-12-21 18:00:00,POS PURCHASE VENDOR X,15000,0,136646000,1234567890
2024-12-22 00:00:00,TRANSFER TO JOHN DOE,184000,0,136462000,1234567890
2024-12-22 06:00:00,TRANSFER TO JOHN DOE,50000,0,136412000,1234567890
2024-12-22 12:00:00,BANK CHARGE COMMISSION,15000,0,136397000,1234567890
2024-12-22 18:00:00,INWARD TRANSFER,50000,0,136347000,1234567890
2024-12-23 00:00:00,BANK CHARGE COMMISSION,50000,0,136297000,1234567890
2024-12-23 06:00:00,SALARY PAYMENT,50000,0,136247000,1234567890
2024-12-23 12:00:00,INWARD TRANSFER,0,100000,136347000,1234567890
2024-12-23 18:00:00,ATM WITHDRAWAL,50000,0,136297000,1234567890
2024-12-24 00:00:00,BANK CHARGE COMMISSION,15000,0,136282000,1234567890
2024-12-24 06:00:00,SALARY PAYMENT,15000,0,136267000,1234567890
2024-12-24 12:00:00,POS PURCHASE VENDOR X,5000,0,136262000,1234567890
2024-12-24 18:00:00,SALARY PAYMENT,0,100000,136362000,1234567890
2024-12-25 00:00:00,ATM WITHDRAWAL,15000,0,136347000,1234567890
2024-12-25 06:00:00,ATM WITHDRAWAL,0,2400000,138747000,1234567890
2024-12-25 12:00:00,ATM WITHDRAWAL,5000,0,138742000,1234567890
2024-12-25 18:00:00,INWARD TRANSFER,0,100000,138842000,1234567890
2024-12-26 00:00:00,TRANSFER TO JOHN DOE,15000,0,138827000,1234567890
2024-12-26 06:00:00,TRANSFER TO JOHN DOE,184000,0,138643000,1234567890
2024-12-26 12:00:00,ATM WITHDRAWAL,0,100000,138743000,1234567890
2024-12-26 18:00:00,TRANSFER TO JOHN DOE,0,2400000,141143000,1234567890
2024-12-27 00:00:00,SALARY PAYMENT,184000,0,140959000,1234567890
2024-12-27 06:00:00,POS PURCHASE VENDOR X,50000,0,140909000,1234567890
2024-12-27 12:00:00,TRANSFER TO JOHN DOE,184000,0,140725000,1234567890
2024-12-27 18:00:00,INWARD TRANSFER,50000,0,140675000,1234567890
2024-12-28 00:00:00,ATM WITHDRAWAL,184000,0,140491000,1234567890
2024-12-28 06:00:00,BANK CHARGE COMMISSION,0,100000,140591000,1234567890
2024-12-28 12:00:00,POS PURCHASE VENDOR X,50000,0,140541000,1234567890
2024-12-28 18:00:00,BANK CHARGE COMMISSION,50000,0,140491000,1234567890
2024-12-29 00:00:00,ATM WITHDRAWAL,184000,0,140307000,1234567890
2024-12-29 06:00:00,SALARY PAYMENT,0,100000,140407000,1234567890
2024-12-29 12:00:00,ATM WITHDRAWAL,0,2400000,142807000,1234567890
2024-12-29 18:00:00,BANK CHARGE COMMISSION,0,0,142807000,1234567890
2024-12-30 00:00:00,ATM WITHDRAWAL,50000,0,142757000,1234567890
2024-12-30 06:00:00,ATM WITHDRAWAL,50000,0,142707000,1234567890
2024-12-30 12:00:00,ATM WITHDRAWAL,50000,0,142657000,1234567890
2024-12-30 18:00:00,TRANSFER TO JOHN DOE,0,100000,142757000,1234567890
2024-12-31 00:00:00,SALARY PAYMENT,5000,0,142752000,1234567890
2024-12-31 06:00:00,TRANSFER TO JOHN DOE,5000,0,142747000,1234567890
2024-12-31 12:00:00,INWARD TRANSFER,50000,0,142697000,1234567890
2024-12-31 18:00:00,BANK CHARGE COMMISSION,50000,0,142647000,1234567890
2025-01-01 00:00:00,POS PURCHASE VENDOR X,0,100000,142747000,1234567890
2025-01-01 06:00:00,BANK CHARGE COMMISSION,0,2400000,145147000,1234567890
2025-01-01 12:00:00,BANK CHARGE COMMISSION,5000,0,145142000,1234567890
2025-01-01 18:00:00,INWARD TRANSFER,5000,0,145137000,1234567890
2025-01-02 00:00:00,SALARY PAYMENT,184000,0,144953000,1234567890
2025-01-02 06:00:00,TRANSFER TO JOHN DOE,0,100000,145053000,1234567890
2025-01-02 12:00:00,POS PURCHASE VENDOR X,15000,0,145038000,1234567890
2025-01-02 18:00:00,POS PURCHASE VENDOR X,184000,0,144854000,1234567890
2025-01-03 00:00:00,INWARD TRANSFER,0,0,144854000,1234567890
2025-01-03 06:00:00,ATM WITHDRAWAL,15000,0,144839000,1234567890
2025-01-03 12:00:00,BANK CHARGE COMMISSION,15000,0,144824000,1234567890
2025-01-03 18:00:00,BANK CHARGE COMMISSION,50000,0,144774000,1234567890
2025-01-04 00:00:00,POS PURCHASE VENDOR X,50000,0,144724000,1234567890
2025-01-04 06:00:00,BANK CHARGE COMMISSION,15000,0,144709000,1234567890
2025-01-04 12:00:00,POS PURCHASE VENDOR X,15000,0,144694000,1234567890
2025-01-04 18:00:00,TRANSFER TO JOHN DOE,184000,0,144510000,1234567890
2025-01-05 00:00:00,TRANSFER TO JOHN DOE,15000,0,144495000,1234567890
2025-01-05 06:00:00,POS PURCHASE VENDOR X,50000,0,144445000,1234567890
2025-01-05 12:00:00,INWARD TRANSFER,50000,0,144395000,1234567890
2025-01-05 18:00:00,BANK CHARGE COMMISSION,50000,0,144345000,1234567890
2025-01-06 00:00:00,SALARY PAYMENT,5000,0,144340000,1234567890
2025-01-06 06:00:00,SALARY PAYMENT,184000,0,144156000,1234567890
2025-01-06 12:00:00,POS PURCHASE VENDOR X,184000,0,143972000,1234567890
2025-01-06 18:00:00,INWARD TRANSFER,184000,0,143788000,1234567890
2025-01-07 00:00:00,SALARY PAYMENT,5000,0,143783000,1234567890
2025-01-07 06:00:00,SALARY PAYMENT,184000,0,143599000,1234567890
2025-01-07 12:00:00,TRANSFER TO JOHN DOE,5000,0,143594000,1234567890
2025-01-07 18:00:00,BANK CHARGE COMMISSION,5000,0,143589000,1234567890
2025-01-08 00:00:00,BANK CHARGE COMMISSION,15000,0,143574000,1234567890
2025-01-08 06:00:00,TRANSFER TO JOHN DOE,5000,0,143569000,1234567890
2025-01-08 12:00:00,ATM WITHDRAWAL,0,100000,143669000,1234567890
2025-01-08 18:00:00,POS PURCHASE VENDOR X,0,100000,143769000,1234567890
2025-01-09 00:00:00,INWARD TRANSFER,184000,0,143585000,1234567890
2025-01-09 06:00:00,INWARD TRANSFER,0,0,143585000,1234567890
2025-01-09 12:00:00,SALARY PAYMENT,15000,0,143570000,1234567890
2025-01-09 18:00:00,SALARY PAYMENT,0,0,143570000,1234567890
2025-01-10 00:00:00,ATM WITHDRAWAL,5000,0,143565000,1234567890
2025-01-10 06:00:00,INWARD TRANSFER,0,0,143565000,1234567890
2025-01-10 12:00:00,INWARD TRANSFER,50000,0,143515000,1234567890
2025-01-10 18:00:00,BANK CHARGE COMMISSION,15000,0,143500000,1234567890
2025-01-11 00:00:00,POS PURCHASE VENDOR X,184000,0,143316000,1234567890
2025-01-11 06:00:00,BANK CHARGE COMMISSION,50000,0,143266000,1234567890
2025-01-11 12:00:00,TRANSFER TO JOHN DOE,15000,0,143251000,1234567890
2025-01-11 18:00:00,SALARY PAYMENT,15000,0,143236000,1234567890
2025-01-12 00:00:00,BANK CHARGE COMMISSION,15000,0,143221000,1234567890
2025-01-12 06:00:00,ATM WITHDRAWAL,0,0,143221000,1234567890
2025-01-12 12:00:00,POS PURCHASE VENDOR X,0,2400000,145621000,1234567890
2025-01-12 18:00:00,ATM WITHDRAWAL,50000,0,145571000,1234567890
2025-01-13 00:00:00,POS PURCHASE VENDOR X,50000,0,145521000,1234567890
2025-01-13 06:00:00,POS PURCHASE VENDOR X,5000,0,145516000,1234567890
2025-01-13 12:00:00,POS PURCHASE VENDOR X,5000,0,145511000,1234567890
2025-01-13 18:00:00,INWARD TRANSFER,5000,0,145506000,1234567890
2025-01-14 00:00:00,SALARY PAYMENT,15000,0,145491000,1234567890
2025-01-14 06:00:00,BANK CHARGE COMMISSION,184000,0,145307000,1234567890
2025-01-14 12:00:00,INWARD TRANSFER,5000,0,145302000,1234567890
2025-01-14 18:00:00,SALARY PAYMENT,50000,0,145252000,1234567890
2025-01-15 00:00:00,INWARD TRANSFER,184000,0,145068000,1234567890
2025-01-15 06:00:00,BANK CHARGE COMMISSION,5000,0,145063000,1234567890
2025-01-15 12:00:00,ATM WITHDRAWAL,0,100000,145163000,1234567890
2025-01-15 18:00:00,SALARY PAYMENT,5000,0,145158000,1234567890
2025-01-16 00:00:00,POS PURCHASE VENDOR X,5000,0,145153000,1234567890
2025-01-16 06:00:00,ATM WITHDRAWAL,15000,0,145138000,1234567890
2025-01-16 12:00:00,ATM WITHDRAWAL,15000,0,145123000,1234567890
2025-01-16 18:00:00,SALARY PAYMENT,5000,0,145118000,1234567890
2025-01-17 00:00:00,TRANSFER TO JOHN DOE,15000,0,145103000,1234567890
2025-01-17 06:00:00,SALARY PAYMENT,0,2400000,147503000,1234567890
2025-01-17 12:00:00,INWARD TRANSFER,184000,0,147319000,1234567890
2025-01-17 18:00:00,POS PURCHASE VENDOR X,184000,0,147135000,1234567890
2025-01-18 00:00:00,BANK CHARGE COMMISSION,15000,0,147120000,1234567890
2025-01-18 06:00:00,ATM WITHDRAWAL,5000,0,147115000,1234567890
2025-01-18 12:00:00,TRANSFER TO JOHN DOE,0,2400000,149515000,1234567890
2025-01-18 18:00:00,TRANSFER TO JOHN DOE,0,2400000,151915000,1234567890
2025-01-19 00:00:00,ATM WITHDRAWAL,50000,0,151865000,1234567890
2025-01-19 06:00:00,SALARY PAYMENT,15000,0,151850000,1234567890
2025-01-19 12:00:00,SALARY PAYMENT,50000,0,151800000,1234567890
2025-01-19 18:00:00,SALARY PAYMENT,15000,0,151785000,1234567890
2025-01-20 00:00:00,ATM WITHDRAWAL,50000,0,151735000,1234567890
2025-01-20 06:00:00,SALARY PAYMENT,5000,0,151730000,1234567890
2025-01-20 12:00:00,TRANSFER TO JOHN DOE,15000,0,151715000,1234567890
2025-01-20 18:00:00,INWARD TRANSFER,184000,0,151531000,1234567890
2025-01-21 00:00:00,SALARY PAYMENT,15000,0,151516000,1234567890
2025-01-21 06:00:00,TRANSFER TO JOHN DOE,184000,0,151332000,1234567890
2025-01-21 12:00:00,TRANSFER TO JOHN DOE,50000,0,151282000,1234567890
2025-01-21 18:00:00,TRANSFER TO JOHN DOE,50000,0,151232000,1234567890
2025-01-22 00:00:00,INWARD TRANSFER,5000,0,151227000,1234567890
2025-01-22 06:00:00,INWARD TRANSFER,184000,0,151043000,1234567890
2025-01-22 12:00:00,SALARY PAYMENT,5000,0,151038000,1234567890
2025-01-22 18:00:00,INWARD TRANSFER,0,100000,151138000,1234567890
2025-01-23 00:00:00,BANK CHARGE COMMISSION,184000,0,150954000,1234567890
2025-01-23 06:00:00,BANK CHARGE COMMISSION,15000,0,150939000,1234567890
2025-01-23 12:00:00,BANK CHARGE COMMISSION,184000,0,150755000,1234567890
2025-01-23 18:00:00,BANK CHARGE COMMISSION,50000,0,150705000,1234567890
2025-01-24 00:00:00,POS PURCHASE VENDOR X,5000,0,150700000,1234567890
2025-01-24 06:00:00,POS PURCHASE VENDOR X,0,100000,150800000,1234567890
2025-01-24 12:00:00,SALARY PAYMENT,5000,0,150795000,1234567890
2025-01-24 18:00:00,POS PURCHASE VENDOR X,0,100000,150895000,1234567890
2025-01-25 00:00:00,ATM WITHDRAWAL,50000,0,150845000,1234567890
2025-01-25 06:00:00,POS PURCHASE VENDOR X,5000,0,150840000,1234567890
2025-01-25 12:00:00,SALARY PAYMENT,15000,0,150825000,1234567890
2025-01-25 18:00:00,ATM WITHDRAWAL,15000,0,150810000,1234567890
2025-01-26 00:00:00,TRANSFER TO JOHN DOE,5000,0,150805000,1234567890
2025-01-26 06:00:00,POS PURCHASE VENDOR X,5000,0,150800000,1234567890
2025-01-26 12:00:00,INWARD TRANSFER,0,0,150800000,1234567890
2025-01-26 18:00:00,SALARY PAYMENT,5000,0,150795000,1234567890
2025-01-27 00:00:00,BANK CHARGE COMMISSION,0,0,150795000,1234567890
2025-01-27 06:00:00,ATM WITHDRAWAL,5000,0,150790000,1234567890
2025-01-27 12:00:00,SALARY PAYMENT,5000,0,150785000,1234567890
2025-01-27 18:00:00,TRANSFER TO JOHN DOE,184000,0,150601000,1234567890
2025-01-28 00:00:00,POS PURCHASE VENDOR X,0,100000,150701000,1234567890
2025-01-28 06:00:00,BANK CHARGE COMMISSION,50000,0,150651000,1234567890
2025-01-28 12:00:00,INWARD TRANSFER,15000,0,150636000,1234567890
2025-01-28 18:00:00,TRANSFER TO JOHN DOE,0,100000,150736000,1234567890
2025-01-29 00:00:00,SALARY PAYMENT,5000,0,150731000,1234567890
2025-01-29 06:00:00,INWARD TRANSFER,15000,0,150716000,1234567890
2025-01-29 12:00:00,POS PURCHASE VENDOR X,5000,0,150711000,1234567890
2025-01-29 18:00:00,ATM WITHDRAWAL,50000,0,150661000,1234567890
2025-01-30 00:00:00,TRANSFER TO JOHN DOE,0,100000,150761000,1234567890
2025-01-30 06:00:00,POS PURCHASE VENDOR X,0,0,150761000,1234567890
2025-01-30 12:00:00,POS PURCHASE VENDOR X,5000,0,150756000,1234567890
2025-01-30 18:00:00,ATM WITHDRAWAL,5000,0,150751000,1234567890
2025-01-31 00:00:00,ATM WITHDRAWAL,0,0,150751000,1234567890
2025-01-31 06:00:00,POS PURCHASE VENDOR X,5000,0,150746000,1234567890
2025-01-31 12:00:00,ATM WITHDRAWAL,0,0,150746000,1234567890
2025-01-31 18:00:00,TRANSFER TO JOHN DOE,184000,0,150562000,1234567890
2025-02-01 00:00:00,ATM WITHDRAWAL,50000,0,150512000,1234567890
2025-02-01 06:00:00,TRANSFER TO JOHN DOE,0,0,150512000,1234567890
2025-02-01 12:00:00,POS PURCHASE VENDOR X,50000,0,150462000,1234567890
2025-02-01 18:00:00,BANK CHARGE COMMISSION,50000,0,150412000,1234567890
2025-02-02 00:00:00,POS PURCHASE VENDOR X,184000,0,150228000,1234567890
2025-02-02 06:00:00,SALARY PAYMENT,0,2400000,152628000,1234567890
2025-02-02 12:00:00,POS PURCHASE VENDOR X,5000,0,152623000,1234567890
2025-02-02 18:00:00,POS PURCHASE VENDOR X,5000,0,152618000,1234567890
2025-02-03 00:00:00,TRANSFER TO JOHN DOE,0,2400000,155018000,1234567890
2025-02-03 06:00:00,BANK CHARGE COMMISSION,0,100000,155118000,1234567890
2025-02-03 12:00:00,ATM WITHDRAWAL,50000,0,155068000,1234567890
2025-02-03 18:00:00,INWARD TRANSFER,50000,0,155018000,1234567890
2025-02-04 00:00:00,TRANSFER TO JOHN DOE,15000,0,155003000,1234567890
2025-02-04 06:00:00,POS PURCHASE VENDOR X,50000,0,154953000,1234567890
2025-02-04 12:00:00,SALARY PAYMENT,0,2400000,157353000,1234567890
2025-02-04 18:00:00,POS PURCHASE VENDOR X,15000,0,157338000,1234567890
2025-02-05 00:00:00,INWARD TRANSFER,50000,0,157288000,1234567890
2025-02-05 06:00:00,ATM WITHDRAWAL,5000,0,157283000,1234567890
2025-02-05 12:00:00,BANK CHARGE COMMISSION,50000,0,157233000,1234567890
2025-02-05 18:00:00,SALARY PAYMENT,50000,0,157183000,1234567890
2025-02-06 00:00:00,POS PURCHASE VENDOR X,50000,0,157133000,1234567890
2025-02-06 06:00:00,INWARD TRANSFER,50000,0,157083000,1234567890
2025-02-06 12:00:00,SALARY PAYMENT,184000,0,156899000,1234567890
2025-02-06 18:00:00,SALARY PAYMENT,0,0,156899000,1234567890
2025-02-07 00:00:00,POS PURCHASE VENDOR X,15000,0,156884000,1234567890
2025-02-07 06:00:00,INWARD TRANSFER,0,100000,156984000,1234567890
2025-02-07 12:00:00,ATM WITHDRAWAL,50000,0,156934000,1234567890
2025-02-07 18:00:00,INWARD TRANSFER,5000,0,156929000,1234567890
2025-02-08 00:00:00,POS PURCHASE VENDOR X,15000,0,156914000,1234567890
2025-02-08 06:00:00,TRANSFER TO JOHN DOE,0,100000,157014000,1234567890
2025-02-08 12:00:00,SALARY PAYMENT,5000,0,157009000,1234567890
2025-02-08 18:00:00,ATM WITHDRAWAL,50000,0,156959000,1234567890
2025-02-09 00:00:00,INWARD TRANSFER,5000,0,156954000,1234567890
2025-02-09 06:00:00,TRANSFER TO JOHN DOE,0,100000,157054000,1234567890
2025-02-09 12:00:00,BANK CHARGE COMMISSION,15000,0,157039000,1234567890
2025-02-09 18:00:00,BANK CHARGE COMMISSION,0,2400000,159439000,1234567890
2025-02-10 00:00:00,INWARD TRANSFER,5000,0,159434000,1234567890
2025-02-10 06:00:00,ATM WITHDRAWAL,5000,0,159429000,1234567890
2025-02-10 12:00:00,POS PURCHASE VENDOR X,0,0,159429000,1234567890
2025-02-10 18:00:00,BANK CHARGE COMMISSION,0,0,159429000,1234567890
2025-02-11 00:00:00,TRANSFER TO JOHN DOE,0,100000,159529000,1234567890
2025-02-11 06:00:00,TRANSFER TO JOHN DOE,5000,0,159524000,1234567890
2025-02-11 12:00:00,TRANSFER TO JOHN DOE,184000,0,159340000,1234567890
2025-02-11 18:00:00,BANK CHARGE COMMISSION,0,100000,159440000,1234567890
2025-02-12 00:00:00,INWARD TRANSFER,50000,0,159390000,1234567890
2025-02-12 06:00:00,SALARY PAYMENT,5000,0,159385000,1234567890
2025-02-12 12:00:00,BANK CHARGE COMMISSION,184000,0,159201000,1234567890
2025-02-12 18:00:00,ATM WITHDRAWAL,15000,0,159186000,1234567890
2025-02-13 00:00:00,ATM WITHDRAWAL,184000,0,159002000,1234567890
2025-02-13 06:00:00,INWARD TRANSFER,15000,0,158987000,1234567890
2025-02-13 12:00:00,TRANSFER TO JOHN DOE,184000,0,158803000,1234567890
2025-02-13 18:00:00,BANK CHARGE COMMISSION,5000,0,158798000,1234567890
2025-02-14 00:00:00,INWARD TRANSFER,50000,0,158748000,1234567890
2025-02-14 06:00:00,SALARY PAYMENT,5000,0,158743000,1234567890
2025-02-14 12:00:00,POS PURCHASE VENDOR X,184000,0,158559000,1234567890
2025-02-14 18:00:00,ATM WITHDRAWAL,184000,0,158375000,1234567890
2025-02-15 00:00:00,POS PURCHASE VENDOR X,15000,0,158360000,1234567890
2025-02-15 06:00:00,POS PURCHASE VENDOR X,0,2400000,160760000,1234567890
2025-02-15 12:00:00,SALARY PAYMENT,5000,0,160755000,1234567890
2025-02-15 18:00:00,BANK CHARGE COMMISSION,15000,0,160740000,1234567890
2025-02-16 00:00:00,SALARY PAYMENT,184000,0,160556000,1234567890
2025-02-16 06:00:00,INWARD TRANSFER,184000,0,160372000,1234567890
2025-02-16 12:00:00,POS PURCHASE VENDOR X,0,100000,160472000,1234567890
2025-02-16 18:00:00,POS PURCHASE VENDOR X,5000,0,160467000,1234567890
2025-02-17 00:00:00,TRANSFER TO JOHN DOE,184000,0,160283000,1234567890
2025-02-17 06:00:00,TRANSFER TO JOHN DOE,50000,0,160233000,1234567890
2025-02-17 12:00:00,POS PURCHASE VENDOR X,0,100000,160333000,1234567890
2025-02-17 18:00:00,BANK CHARGE COMMISSION,0,0,160333000,1234567890
2025-02-18 00:00:00,POS PURCHASE VENDOR X,15000,0,160318000,1234567890
2025-02-18 06:00:00,ATM WITHDRAWAL,15000,0,160303000,1234567890
2025-02-18 12:00:00,INWARD TRANSFER,15000,0,160288000,1234567890
2025-02-18 18:00:00,BANK CHARGE COMMISSION,184000,0,160104000,1234567890
2025-02-19 00:00:00,SALARY PAYMENT,0,2400000,162504000,1234567890
2025-02-19 06:00:00,TRANSFER TO JOHN DOE,5000,0,162499000,1234567890
2025-02-19 12:00:00,SALARY PAYMENT,50000,0,162449000,1234567890
2025-02-19 18:00:00,INWARD TRANSFER,184000,0,162265000,1234567890
2025-02-20 00:00:00,ATM WITHDRAWAL,184000,0,162081000,1234567890
2025-02-20 06:00:00,BANK CHARGE COMMISSION,5000,0,162076000,1234567890
2025-02-20 12:00:00,BANK CHARGE COMMISSION,184000,0,161892000,1234567890
2025-02-20 18:00:00,BANK CHARGE COMMISSION,5000,0,161887000,1234567890
2025-02-21 00:00:00,TRANSFER TO JOHN DOE,5000,0,161882000,1234567890
2025-02-21 06:00:00,SALARY PAYMENT,0,100000,161982000,1234567890
2025-02-21 12:00:00,INWARD TRANSFER,184000,0,161798000,1234567890
2025-02-21 18:00:00,ATM WITHDRAWAL,184000,0,161614000,1234567890
2025-02-22 00:00:00,SALARY PAYMENT,50000,0,161564000,1234567890
2025-02-22 06:00:00,POS PURCHASE VENDOR X,5000,0,161559000,1234567890
2025-02-22 12:00:00,POS PURCHASE VENDOR X,50000,0,161509000,1234567890
2025-02-22 18:00:00,POS PURCHASE VENDOR X,50000,0,161459000,1234567890
2025-02-23 00:00:00,INWARD TRANSFER,50000,0,161409000,1234567890
2025-02-23 06:00:00,BANK CHARGE COMMISSION,15000,0,161394000,1234567890
2025-02-23 12:00:00,ATM WITHDRAWAL,0,100000,161494000,1234567890
2025-02-23 18:00:00,SALARY PAYMENT,5000,0,161489000,1234567890
2025-02-24 00:00:00,TRANSFER TO JOHN DOE,184000,0,161305000,1234567890
2025-02-24 06:00:00,SALARY PAYMENT,15000,0,161290000,1234567890
2025-02-24 12:00:00,BANK CHARGE COMMISSION,15000,0,161275000,1234567890
2025-02-24 18:00:00,TRANSFER TO JOHN DOE,15000,0,161260000,1234567890
2025-02-25 00:00:00,BANK CHARGE COMMISSION,184000,0,161076000,1234567890
2025-02-25 06:00:00,POS PURCHASE VENDOR X,15000,0,161061000,1234567890
2025-02-25 12:00:00,BANK CHARGE COMMISSION,15000,0,161046000,1234567890
2025-02-25 18:00:00,POS PURCHASE VENDOR X,184000,0,160862000,1234567890
2025-02-26 00:00:00,POS PURCHASE VENDOR X,0,2400000,163262000,1234567890
2025-02-26 06:00:00,ATM WITHDRAWAL,15000,0,163247000,1234567890
2025-02-26 12:00:00,ATM WITHDRAWAL,5000,0,163242000,1234567890
2025-02-26 18:00:00,SALARY PAYMENT,0,0,163242000,1234567890
2025-02-27 00:00:00,TRANSFER TO JOHN DOE,184000,0,163058000,1234567890
2025-02-27 06:00:00,TRANSFER TO JOHN DOE,0,100000,163158000,1234567890
2025-02-27 12:00:00,INWARD TRANSFER,0,2400000,165558000,1234567890
2025-02-27 18:00:00,INWARD TRANSFER,50000,0,165508000,1234567890
2025-02-28 00:00:00,TRANSFER TO JOHN DOE,184000,0,165324000,1234567890
2025-02-28 06:00:00,ATM WITHDRAWAL,0,0,165324000,1234567890
2025-02-28 12:00:00,POS PURCHASE VENDOR X,184000,0,165140000,1234567890
2025-02-28 18:00:00,INWARD TRANSFER,15000,0,165125000,1234567890
2025-03-01 00:00:00,ATM WITHDRAWAL,184000,0,164941000,1234567890
2025-03-01 06:00:00,POS PURCHASE VENDOR X,0,2400000,167341000,1234567890
2025-03-01 12:00:00,SALARY PAYMENT,184000,0,167157000,1234567890
2025-03-01 18:00:00,INWARD TRANSFER,50000,0,167107000,1234567890
2025-03-02 00:00:00,ATM WITHDRAWAL,50000,0,167057000,1234567890
2025-03-02 06:00:00,TRANSFER TO JOHN DOE,50000,0,167007000,1234567890
2025-03-02 12:00:00,ATM WITHDRAWAL,184000,0,166823000,1234567890
2025-03-02 18:00:00,SALARY PAYMENT,0,2400000,169223000,1234567890
2025-03-03 00:00:00,INWARD TRANSFER,15000,0,169208000,1234567890
2025-03-03 06:00:00,POS PURCHASE VENDOR X,5000,0,169203000,1234567890
2025-03-03 12:00:00,INWARD TRANSFER,15000,0,169188000,1234567890
2025-03-03 18:00:00,BANK CHARGE COMMISSION,50000,0,169138000,1234567890
2025-03-04 00:00:00,SALARY PAYMENT,0,100000,169238000,1234567890
2025-03-04 06:00:00,TRANSFER TO JOHN DOE,184000,0,169054000,1234567890
2025-03-04 12:00:00,BANK CHARGE COMMISSION,184000,0,168870000,1234567890
2025-03-04 18:00:00,INWARD TRANSFER,0,2400000,171270000,1234567890
2025-03-05 00:00:00,INWARD TRANSFER,0,100000,171370000,1234567890
2025-03-05 06:00:00,ATM WITHDRAWAL,50000,0,171320000,1234567890
2025-03-05 12:00:00,ATM WITHDRAWAL,50000,0,171270000,1234567890
2025-03-05 18:00:00,BANK CHARGE COMMISSION,0,100000,171370000,1234567890
2025-03-06 00:00:00,SALARY PAYMENT,50000,0,171320000,1234567890
2025-03-06 06:00:00,ATM WITHDRAWAL,5000,0,171315000,1234567890
2025-03-06 12:00:00,ATM WITHDRAWAL,184000,0,171131000,1234567890
2025-03-06 18:00:00,BANK CHARGE COMMISSION,50000,0,171081000,1234567890
2025-03-07 00:00:00,ATM WITHDRAWAL,50000,0,171031000,1234567890
2025-03-07 06:00:00,BANK CHARGE COMMISSION,50000,0,170981000,1234567890
2025-03-07 12:00:00,POS PURCHASE VENDOR X,0,100000,171081000,1234567890
2025-03-07 18:00:00,BANK CHARGE COMMISSION,5000,0,171076000,1234567890
2025-03-08 00:00:00,ATM WITHDRAWAL,50000,0,171026000,1234567890
2025-03-08 06:00:00,SALARY PAYMENT,5000,0,171021000,1234567890
2025-03-08 12:00:00,TRANSFER TO JOHN DOE,5000,0,171016000,1234567890
2025-03-08 18:00:00,TRANSFER TO JOHN DOE,0,100000,171116000,1234567890
2025-03-09 00:00:00,BANK CHARGE COMMISSION,50000,0,171066000,1234567890
2025-03-09 06:00:00,SALARY PAYMENT,5000,0,171061000,1234567890
2025-03-09 12:00:00,TRANSFER TO JOHN DOE,50000,0,171011000,1234567890
2025-03-09 18:00:00,SALARY PAYMENT,50000,0,170961000,1234567890
2025-03-10 00:00:00,TRANSFER TO JOHN DOE,15000,0,170946000,1234567890
2025-03-10 06:00:00,ATM WITHDRAWAL,184000,0,170762000,1234567890
2025-03-10 12:00:00,POS PURCHASE VENDOR X,50000,0,170712000,1234567890
2025-03-10 18:00:00,POS PURCHASE VENDOR X,0,0,170712000,1234567890
2025-03-11 00:00:00,ATM WITHDRAWAL,184000,0,170528000,1234567890
2025-03-11 06:00:00,SALARY PAYMENT,0,100000,170628000,1234567890
2025-03-11 12:00:00,POS PURCHASE VENDOR X,0,2400000,173028000,1234567890
2025-03-11 18:00:00,BANK CHARGE COMMISSION,0,0,173028000,1234567890
2025-03-12 00:00:00,POS PURCHASE VENDOR X,15000,0,173013000,1234567890
2025-03-12 06:00:00,TRANSFER TO JOHN DOE,184000,0,172829000,1234567890
2025-03-12 12:00:00,ATM WITHDRAWAL,0,100000,172929000,1234567890
2025-03-12 18:00:00,INWARD TRANSFER,15000,0,172914000,1234567890
2025-03-13 00:00:00,TRANSFER TO JOHN DOE,184000,0,172730000,1234567890
2025-03-13 06:00:00,TRANSFER TO JOHN DOE,0,0,172730000,1234567890
2025-03-13 12:00:00,BANK CHARGE COMMISSION,0,100000,172830000,1234567890
2025-03-13 18:00:00,INWARD TRANSFER,50000,0,172780000,1234567890
2025-03-14 00:00:00,BANK CHARGE COMMISSION,184000,0,172596000,1234567890
2025-03-14 06:00:00,ATM WITHDRAWAL,5000,0,172591000,1234567890
2025-03-14 12:00:00,INWARD TRANSFER,0,2400000,174991000,1234567890
2025-03-14 18:00:00,SALARY PAYMENT,0,100000,175091000,1234567890
2025-03-15 00:00:00,ATM WITHDRAWAL,0,0,175091000,1234567890
2025-03-15 06:00:00,POS PURCHASE VENDOR X,50000,0,175041000,1234567890
2025-03-15 12:00:00,TRANSFER TO JOHN DOE,50000,0,174991000,1234567890
2025-03-15 18:00:00,POS PURCHASE VENDOR X,50000,0,174941000,1234567890
2025-03-16 00:00:00,ATM WITHDRAWAL,184000,0,174757000,1234567890
2025-03-16 06:00:00,BANK CHARGE COMMISSION,15000,0,174742000,1234567890
2025-03-16 12:00:00,SALARY PAYMENT,184000,0,174558000,1234567890
2025-03-16 18:00:00,TRANSFER TO JOHN DOE,15000,0,174543000,1234567890
2025-03-17 00:00:00,TRANSFER TO JOHN DOE,5000,0,174538000,1234567890
2025-03-17 06:00:00,INWARD TRANSFER,184000,0,174354000,1234567890
2025-03-17 12:00:00,SALARY PAYMENT,0,2400000,176754000,1234567890
2025-03-17 18:00:00,POS PURCHASE VENDOR X,5000,0,176749000,1234567890
2025-03-18 00:00:00,SALARY PAYMENT,0,100000,176849000,1234567890
2025-03-18 06:00:00,ATM WITHDRAWAL,15000,0,176834000,1234567890
2025-03-18 12:00:00,ATM WITHDRAWAL,50000,0,176784000,1234567890
2025-03-18 18:00:00,ATM WITHDRAWAL,15000,0,176769000,1234567890
2025-03-19 00:00:00,ATM WITHDRAWAL,184000,0,176585000,1234567890
2025-03-19 06:00:00,BANK CHARGE COMMISSION,5000,0,176580000,1234567890
2025-03-19 12:00:00,SALARY PAYMENT,5000,0,176575000,1234567890
2025-03-19 18:00:00,ATM WITHDRAWAL,5000,0,176570000,1234567890
2025-03-20 00:00:00,BANK CHARGE COMMISSION,15000,0,176555000,1234567890
2025-03-20 06:00:00,SALARY PAYMENT,184000,0,176371000,1234567890
2025-03-20 12:00:00,BANK CHARGE COMMISSION,50000,0,176321000,1234567890
2025-03-20 18:00:00,INWARD TRANSFER,5000,0,176316000,1234567890
2025-03-21 00:00:00,INWARD TRANSFER,50000,0,176266000,1234567890
2025-03-21 06:00:00,POS PURCHASE VENDOR X,5000,0,176261000,1234567890
2025-03-21 12:00:00,ATM WITHDRAWAL,5000,0,176256000,1234567890
2025-03-21 18:00:00,BANK CHARGE COMMISSION,15000,0,176241000,1234567890
2025-03-22 00:00:00,INWARD TRANSFER,0,100000,176341000,1234567890
2025-03-22 06:00:00,ATM WITHDRAWAL,5000,0,176336000,1234567890
2025-03-22 12:00:00,INWARD TRANSFER,0,100000,176436000,1234567890
2025-03-22 18:00:00,INWARD TRANSFER,15000,0,176421000,1234567890
2025-03-23 00:00:00,POS PURCHASE VENDOR X,5000,0,176416000,1234567890
2025-03-23 06:00:00,BANK CHARGE COMMISSION,184000,0,176232000,1234567890
2025-03-23 12:00:00,BANK CHARGE COMMISSION,5000,0,176227000,1234567890
2025-03-23 18:00:00,SALARY PAYMENT,5000,0,176222000,1234567890
2025-03-24 00:00:00,SALARY PAYMENT,184000,0,176038000,1234567890
2025-03-24 06:00:00,INWARD TRANSFER,184000,0,175854000,1234567890
2025-03-24 12:00:00,ATM WITHDRAWAL,5000,0,175849000,1234567890
2025-03-24 18:00:00,SALARY PAYMENT,50000,0,175799000,1234567890
2025-03-25 00:00:00,BANK CHARGE COMMISSION,15000,0,175784000,1234567890
2025-03-25 06:00:00,SALARY PAYMENT,50000,0,175734000,1234567890
2025-03-25 12:00:00,POS PURCHASE VENDOR X,5000,0,175729000,1234567890
2025-03-25 18:00:00,BANK CHARGE COMMISSION,0,2400000,178129000,1234567890
2025-03-26 00:00:00,POS PURCHASE VENDOR X,184000,0,177945000,1234567890
2025-03-26 06:00:00,ATM WITHDRAWAL,184000,0,177761000,1234567890
2025-03-26 12:00:00,SALARY PAYMENT,0,0,177761000,1234567890
2025-03-26 18:00:00,INWARD TRANSFER,15000,0,177746000,1234567890
2025-03-27 00:00:00,ATM WITHDRAWAL,15000,0,177731000,1234567890
2025-03-27 06:00:00,SALARY PAYMENT,5000,0,177726000,1234567890
2025-03-27 12:00:00,SALARY PAYMENT,5000,0,177721000,1234567890
2025-03-27 18:00:00,ATM WITHDRAWAL,184000,0,177537000,1234567890
2025-03-28 00:00:00,POS PURCHASE VENDOR X,0,100000,177637000,1234567890
2025-03-28 06:00:00,ATM WITHDRAWAL,0,100000,177737000,1234567890
2025-03-28 12:00:00,INWARD TRANSFER,50000,0,177687000,1234567890
2025-03-28 18:00:00,BANK CHARGE COMMISSION,15000,0,177672000,1234567890
2025-03-29 00:00:00,POS PURCHASE VENDOR X,15000,0,177657000,1234567890
2025-03-29 06:00:00,SALARY PAYMENT,5000,0,177652000,1234567890
2025-03-29 12:00:00,POS PURCHASE VENDOR X,5000,0,177647000,1234567890
2025-03-29 18:00:00,ATM WITHDRAWAL,15000,0,177632000,1234567890
2025-03-30 00:00:00,ATM WITHDRAWAL,50000,0,177582000,1234567890
2025-03-30 06:00:00,SALARY PAYMENT,5000,0,177577000,1234567890
2025-03-30 12:00:00,ATM WITHDRAWAL,5000,0,177572000,1234567890
2025-03-30 18:00:00,TRANSFER TO JOHN DOE,50000,0,177522000,1234567890
2025-03-31 00:00:00,INWARD TRANSFER,184000,0,177338000,1234567890
2025-03-31 06:00:00,ATM WITHDRAWAL,15000,0,177323000,1234567890
2025-03-31 12:00:00,TRANSFER TO JOHN DOE,0,100000,177423000,1234567890
2025-03-31 18:00:00,POS PURCHASE VENDOR X,0,100000,177523000,1234567890
2025-04-01 00:00:00,INWARD TRANSFER,0,2400000,179923000,1234567890
2025-04-01 06:00:00,TRANSFER TO JOHN DOE,0,100000,180023000,1234567890
2025-04-01 12:00:00,POS PURCHASE VENDOR X,0,0,180023000,1234567890
2025-04-01 18:00:00,BANK CHARGE COMMISSION,184000,0,179839000,1234567890
2025-04-02 00:00:00,BANK CHARGE COMMISSION,15000,0,179824000,1234567890
2025-04-02 06:00:00,INWARD TRANSFER,5000,0,179819000,1234567890
2025-04-02 12:00:00,TRANSFER TO JOHN DOE,0,100000,179919000,1234567890
2025-04-02 18:00:00,TRANSFER TO JOHN DOE,50000,0,179869000,1234567890
2025-04-03 00:00:00,POS PURCHASE VENDOR X,0,2400000,182269000,1234567890
2025-04-03 06:00:00,BANK CHARGE COMMISSION,184000,0,182085000,1234567890
2025-04-03 12:00:00,BANK CHARGE COMMISSION,15000,0,182070000,1234567890
2025-04-03 18:00:00,ATM WITHDRAWAL,50000,0,182020000,1234567890
2025-04-04 00:00:00,SALARY PAYMENT,0,0,182020000,1234567890
2025-04-04 06:00:00,SALARY PAYMENT,184000,0,181836000,1234567890
2025-04-04 12:00:00,SALARY PAYMENT,0,0,181836000,1234567890
2025-04-04 18:00:00,TRANSFER TO JOHN DOE,0,100000,181936000,1234567890
2025-04-05 00:00:00,SALARY PAYMENT,50000,0,181886000,1234567890
2025-04-05 06:00:00,INWARD TRANSFER,184000,0,181702000,1234567890
2025-04-05 12:00:00,BANK CHARGE COMMISSION,15000,0,181687000,1234567890
2025-04-05 18:00:00,INWARD TRANSFER,184000,0,181503000,1234567890
2025-04-06 00:00:00,SALARY PAYMENT,15000,0,181488000,1234567890
2025-04-06 06:00:00,INWARD TRANSFER,15000,0,181473000,1234567890
2025-04-06 12:00:00,ATM WITHDRAWAL,15000,0,181458000,1234567890
2025-04-06 18:00:00,BANK CHARGE COMMISSION,15000,0,181443000,1234567890
2025-04-07 00:00:00,INWARD TRANSFER,184000,0,181259000,1234567890
2025-04-07 06:00:00,BANK CHARGE COMMISSION,50000,0,181209000,1234567890
2025-04-07 12:00:00,ATM WITHDRAWAL,15000,0,181194000,1234567890
2025-04-07 18:00:00,SALARY PAYMENT,5000,0,181189000,1234567890
2025-04-08 00:00:00,POS PURCHASE VENDOR X,15000,0,181174000,1234567890
2025-04-08 06:00:00,POS PURCHASE VENDOR X,5000,0,181169000,1234567890
2025-04-08 12:00:00,POS PURCHASE VENDOR X,0,100000,181269000,1234567890
2025-04-08 18:00:00,INWARD TRANSFER,15000,0,181254000,1234567890
2025-04-09 00:00:00,INWARD TRANSFER,5000,0,181249000,1234567890
2025-04-09 06:00:00,INWARD TRANSFER,15000,0,181234000,1234567890
2025-04-09 12:00:00,BANK CHARGE COMMISSION,184000,0,181050000,1234567890
2025-04-09 18:00:00,TRANSFER TO JOHN DOE,50000,0,181000000,1234567890
2025-04-10 00:00:00,BANK CHARGE COMMISSION,0,100000,181100000,1234567890
2025-04-10 06:00:00,POS PURCHASE VENDOR X,50000,0,181050000,1234567890
2025-04-10 12:00:00,TRANSFER TO JOHN DOE,50000,0,181000000,1234567890
2025-04-10 18:00:00,ATM WITHDRAWAL,184000,0,180816000,1234567890
2025-04-11 00:00:00,TRANSFER TO JOHN DOE,5000,0,180811000,1234567890
2025-04-11 06:00:00,ATM WITHDRAWAL,0,2400000,183211000,1234567890
2025-04-11 12:00:00,INWARD TRANSFER,50000,0,183161000,1234567890
2025-04-11 18:00:00,POS PURCHASE VENDOR X,15000,0,183146000,1234567890
2025-04-12 00:00:00,INWARD TRANSFER,5000,0,183141000,1234567890
2025-04-12 06:00:00,BANK CHARGE COMMISSION,0,100000,183241000,1234567890
2025-04-12 12:00:00,SALARY PAYMENT,50000,0,183191000,1234567890
2025-04-12 18:00:00,INWARD TRANSFER,50000,0,183141000,1234567890
2025-04-13 00:00:00,INWARD TRANSFER,5000,0,183136000,1234567890
2025-04-13 06:00:00,TRANSFER TO JOHN DOE,15000,0,183121000,1234567890
2025-04-13 12:00:00,ATM WITHDRAWAL,50000,0,183071000,1234567890
2025-04-13 18:00:00,POS PURCHASE VENDOR X,184000,0,182887000,1234567890
2025-04-14 00:00:00,INWARD TRANSFER,184000,0,182703000,1234567890
2025-04-14 06:00:00,INWARD TRANSFER,5000,0,182698000,1234567890
2025-04-14 12:00:00,ATM WITHDRAWAL,0,2400000,185098000,1234567890
2025-04-14 18:00:00,BANK CHARGE COMMISSION,5000,0,185093000,1234567890
2025-04-15 00:00:00,BANK CHARGE COMMISSION,5000,0,185088000,1234567890
2025-04-15 06:00:00,TRANSFER TO JOHN DOE,0,0,185088000,1234567890
2025-04-15 12:00:00,ATM WITHDRAWAL,0,100000,185188000,1234567890
2025-04-15 18:00:00,INWARD TRANSFER,0,2400000,187588000,1234567890
2025-04-16 00:00:00,BANK CHARGE COMMISSION,15000,0,187573000,1234567890
2025-04-16 06:00:00,BANK CHARGE COMMISSION,50000,0,187523000,1234567890
2025-04-16 12:00:00,POS PURCHASE VENDOR X,5000,0,187518000,1234567890
2025-04-16 18:00:00,POS PURCHASE VENDOR X,184000,0,187334000,1234567890
2025-04-17 00:00:00,SALARY PAYMENT,0,100000,187434000,1234567890
2025-04-17 06:00:00,TRANSFER TO JOHN DOE,0,0,187434000,1234567890
2025-04-17 12:00:00,BANK CHARGE COMMISSION,0,100000,187534000,1234567890
2025-04-17 18:00:00,BANK CHARGE COMMISSION,50000,0,187484000,1234567890
2025-04-18 00:00:00,ATM WITHDRAWAL,184000,0,187300000,1234567890
2025-04-18 06:00:00,POS PURCHASE VENDOR X,5000,0,187295000,1234567890
2025-04-18 12:00:00,POS PURCHASE VENDOR X,50000,0,187245000,1234567890
2025-04-18 18:00:00,BANK CHARGE COMMISSION,15000,0,187230000,1234567890
2025-04-19 00:00:00,TRANSFER TO JOHN DOE,184000,0,187046000,1234567890
2025-04-19 06:00:00,BANK CHARGE COMMISSION,184000,0,186862000,1234567890
2025-04-19 12:00:00,INWARD TRANSFER,15000,0,186847000,1234567890
2025-04-19 18:00:00,POS PURCHASE VENDOR X,5000,0,186842000,1234567890
2025-04-20 00:00:00,POS PURCHASE VENDOR X,184000,0,186658000,1234567890
2025-04-20 06:00:00,ATM WITHDRAWAL,0,0,186658000,1234567890
2025-04-20 12:00:00,TRANSFER TO JOHN DOE,5000,0,186653000,1234567890
2025-04-20 18:00:00,ATM WITHDRAWAL,50000,0,186603000,1234567890
2025-04-21 00:00:00,POS PURCHASE VENDOR X,15000,0,186588000,1234567890
2025-04-21 06:00:00,SALARY PAYMENT,0,0,186588000,1234567890
2025-04-21 12:00:00,TRANSFER TO JOHN DOE,0,2400000,188988000,1234567890
2025-04-21 18:00:00,BANK CHARGE COMMISSION,0,2400000,191388000,1234567890
2025-04-22 00:00:00,BANK CHARGE COMMISSION,50000,0,191338000,1234567890
2025-04-22 06:00:00,SALARY PAYMENT,0,0,191338000,1234567890
2025-04-22 12:00:00,TRANSFER TO JOHN DOE,184000,0,191154000,1234567890
2025-04-22 18:00:00,INWARD TRANSFER,0,0,191154000,1234567890
2025-04-23 00:00:00,BANK CHARGE COMMISSION,5000,0,191149000,1234567890
2025-04-23 06:00:00,ATM WITHDRAWAL,184000,0,190965000,1234567890
2025-04-23 12:00:00,BANK CHARGE COMMISSION,0,100000,191065000,1234567890
2025-04-23 18:00:00,BANK CHARGE COMMISSION,50000,0,191015000,1234567890
2025-04-24 00:00:00,INWARD TRANSFER,0,0,191015000,1234567890
2025-04-24 06:00:00,BANK CHARGE COMMISSION,50000,0,190965000,1234567890
2025-04-24 12:00:00,ATM WITHDRAWAL,184000,0,190781000,1234567890
2025-04-24 18:00:00,ATM WITHDRAWAL,184000,0,190597000,1234567890
2025-04-25 00:00:00,SALARY PAYMENT,184000,0,190413000,1234567890
2025-04-25 06:00:00,ATM WITHDRAWAL,184000,0,190229000,1234567890
2025-04-25 12:00:00,SALARY PAYMENT,50000,0,190179000,1234567890
2025-04-25 18:00:00,POS PURCHASE VENDOR X,5000,0,190174000,1234567890
2025-04-26 00:00:00,BANK CHARGE COMMISSION,50000,0,190124000,1234567890
2025-04-26 06:00:00,BANK CHARGE COMMISSION,50000,0,190074000,1234567890
2025-04-26 12:00:00,TRANSFER TO JOHN DOE,0,100000,190174000,1234567890
2025-04-26 18:00:00,INWARD TRANSFER,0,100000,190274000,1234567890
2025-04-27 00:00:00,POS PURCHASE VENDOR X,50000,0,190224000,1234567890
2025-04-27 06:00:00,SALARY PAYMENT,15000,0,190209000,1234567890
2025-04-27 12:00:00,BANK CHARGE COMMISSION,5000,0,190204000,1234567890
2025-04-27 18:00:00,ATM WITHDRAWAL,184000,0,190020000,1234567890
2025-04-28 00:00:00,POS PURCHASE VENDOR X,184000,0,189836000,1234567890
2025-04-28 06:00:00,POS PURCHASE VENDOR X,184000,0,189652000,1234567890
2025-04-28 12:00:00,SALARY PAYMENT,0,100000,189752000,1234567890
2025-04-28 18:00:00,ATM WITHDRAWAL,0,2400000,192152000,1234567890
2025-04-29 00:00:00,TRANSFER TO JOHN DOE,5000,0,192147000,1234567890
2025-04-29 06:00:00,SALARY PAYMENT,5000,0,192142000,1234567890
2025-04-29 12:00:00,BANK CHARGE COMMISSION,50000,0,192092000,1234567890
2025-04-29 18:00:00,INWARD TRANSFER,0,0,192092000,1234567890
2025-04-30 00:00:00,TRANSFER TO JOHN DOE,184000,0,191908000,1234567890
2025-04-30 06:00:00,INWARD TRANSFER,50000,0,191858000,1234567890
2025-04-30 12:00:00,SALARY PAYMENT,15000,0,191843000,1234567890
2025-04-30 18:00:00,INWARD TRANSFER,15000,0,191828000,1234567890
2025-05-01 00:00:00,BANK CHARGE COMMISSION,5000,0,191823000,1234567890
2025-05-01 06:00:00,POS PURCHASE VENDOR X,0,0,191823000,1234567890
2025-05-01 12:00:00,ATM WITHDRAWAL,0,100000,191923000,1234567890
2025-05-01 18:00:00,INWARD TRANSFER,15000,0,191908000,1234567890
2025-05-02 00:00:00,TRANSFER TO JOHN DOE,5000,0,191903000,1234567890
2025-05-02 06:00:00,BANK CHARGE COMMISSION,5000,0,191898000,1234567890
2025-05-02 12:00:00,BANK CHARGE COMMISSION,0,100000,191998000,1234567890
2025-05-02 18:00:00,SALARY PAYMENT,0,100000,192098000,1234567890
2025-05-03 00:00:00,TRANSFER TO JOHN DOE,15000,0,192083000,1234567890
2025-05-03 06:00:00,INWARD TRANSFER,184000,0,191899000,1234567890
2025-05-03 12:00:00,INWARD TRANSFER,5000,0,191894000,1234567890
2025-05-03 18:00:00,INWARD TRANSFER,0,2400000,194294000,1234567890
2025-05-04 00:00:00,TRANSFER TO JOHN DOE,5000,0,194289000,1234567890
2025-05-04 06:00:00,INWARD TRANSFER,184000,0,194105000,1234567890
2025-05-04 12:00:00,TRANSFER TO JOHN DOE,15000,0,194090000,1234567890
2025-05-04 18:00:00,BANK CHARGE COMMISSION,184000,0,193906000,1234567890
2025-05-05 00:00:00,TRANSFER TO JOHN DOE,15000,0,193891000,1234567890
2025-05-05 06:00:00,ATM WITHDRAWAL,5000,0,193886000,1234567890
2025-05-05 12:00:00,POS PURCHASE VENDOR X,50000,0,193836000,1234567890
2025-05-05 18:00:00,POS PURCHASE VENDOR X,5000,0,193831000,1234567890
2025-05-06 00:00:00,ATM WITHDRAWAL,50000,0,193781000,1234567890
2025-05-06 06:00:00,TRANSFER TO JOHN DOE,5000,0,193776000,1234567890
2025-05-06 12:00:00,SALARY PAYMENT,184000,0,193592000,1234567890
2025-05-06 18:00:00,POS PURCHASE VENDOR X,15000,0,193577000,1234567890
2025-05-07 00:00:00,ATM WITHDRAWAL,5000,0,193572000,1234567890
2025-05-07 06:00:00,SALARY PAYMENT,0,100000,193672000,1234567890
2025-05-07 12:00:00,INWARD TRANSFER,15000,0,193657000,1234567890
2025-05-07 18:00:00,ATM WITHDRAWAL,184000,0,193473000,1234567890
2025-05-08 00:00:00,POS PURCHASE VENDOR X,5000,0,193468000,1234567890
2025-05-08 06:00:00,TRANSFER TO JOHN DOE,15000,0,193453000,1234567890
2025-05-08 12:00:00,TRANSFER TO JOHN DOE,0,2400000,195853000,1234567890
2025-05-08 18:00:00,TRANSFER TO JOHN DOE,15000,0,195838000,1234567890
2025-05-09 00:00:00,POS PURCHASE VENDOR X,5000,0,195833000,1234567890
2025-05-09 06:00:00,INWARD TRANSFER,0,0,195833000,1234567890
2025-05-09 12:00:00,TRANSFER TO JOHN DOE,5000,0,195828000,1234567890
2025-05-09 18:00:00,SALARY PAYMENT,50000,0,195778000,1234567890
2025-05-10 00:00:00,BANK CHARGE COMMISSION,15000,0,195763000,1234567890
2025-05-10 06:00:00,INWARD TRANSFER,0,0,195763000,1234567890
2025-05-10 12:00:00,SALARY PAYMENT,5000,0,195758000,1234567890
2025-05-10 18:00:00,ATM WITHDRAWAL,50000,0,195708000,1234567890
2025-05-11 00:00:00,BANK CHARGE COMMISSION,5000,0,195703000,1234567890
2025-05-11 06:00:00,INWARD TRANSFER,5000,0,195698000,1234567890
2025-05-11 12:00:00,POS PURCHASE VENDOR X,15000,0,195683000,1234567890
2025-05-11 18:00:00,BANK CHARGE COMMISSION,15000,0,195668000,1234567890
2025-05-12 00:00:00,INWARD TRANSFER,50000,0,195618000,1234567890
2025-05-12 06:00:00,INWARD TRANSFER,15000,0,195603000,1234567890
2025-05-12 12:00:00,SALARY PAYMENT,0,100000,195703000,1234567890
2025-05-12 18:00:00,INWARD TRANSFER,50000,0,195653000,1234567890
2025-05-13 00:00:00,INWARD TRANSFER,15000,0,195638000,1234567890
2025-05-13 06:00:00,TRANSFER TO JOHN DOE,184000,0,195454000,1234567890
2025-05-13 12:00:00,BANK CHARGE COMMISSION,0,100000,195554000,1234567890
2025-05-13 18:00:00,SALARY PAYMENT,5000,0,195549000,1234567890
2025-05-14 00:00:00,INWARD TRANSFER,0,2400000,197949000,1234567890
2025-05-14 06:00:00,ATM WITHDRAWAL,0,100000,198049000,1234567890
2025-05-14 12:00:00,INWARD TRANSFER,0,0,198049000,1234567890
2025-05-14 18:00:00,SALARY PAYMENT,184000,0,197865000,1234567890
